license_id,brand_name,drug_ingredient,drugbank_id,potential_indication,source
1A 1/67,Amlodipine,AMLODIPINE,DB00381,stroke disorder,TxGNN Knowledge Graph
1A 1/67,Amlodipine,AMLODIPINE,DB00381,hypertensive disorder,TxGNN Knowledge Graph
1A 1/67,Amlodipine,AMLODIPINE,DB00381,cerebrovascular disorder,TxGNN Knowledge Graph
1A 1/67,Amlodipine,AMLODIPINE,DB00381,obsolete susceptibility to ischemic stroke,TxGNN Knowledge Graph
1A 1/67,Amlodipine,AMLODIPINE,DB00381,Prinzmetal angina,TxGNN Knowledge Graph
1A 1/67,Amlodipine,AMLODIPINE,DB00381,cerebral infarction,TxGNN Knowledge Graph
1A 2/67,Atenolol,ATENOLOL,DB00335,hemoglobinopathy,TxGNN Knowledge Graph
1A 2/67,Atenolol,ATENOLOL,DB00335,hypertensive disorder,TxGNN Knowledge Graph
1A 2/67,Atenolol,ATENOLOL,DB00335,myocardial infarction,TxGNN Knowledge Graph
1A 2/67,Atenolol,ATENOLOL,DB00335,coronary thrombosis,TxGNN Knowledge Graph
1A 2/67,Atenolol,ATENOLOL,DB00335,myocardial infarction (disease),TxGNN Knowledge Graph
1A 3/67,Bisoprolol,BISOPROLOL,DB00612,hypertensive disorder,TxGNN Knowledge Graph
1A 4/67,Captopril,CAPTOPRIL,DB01197,diabetic nephropathy,TxGNN Knowledge Graph
1A 4/67,Captopril,CAPTOPRIL,DB01197,hypertensive disorder,TxGNN Knowledge Graph
1A 5/67,Carvedilol,CARVEDILOL,DB01136,hypertensive disorder,TxGNN Knowledge Graph
1A 6/67,Digoxin,DIGOXIN,DB00390,digitalis poisoning,TxGNN Knowledge Graph
1A 6/67,Digoxin,DIGOXIN,DB00390,atrial fibrillation (disease),TxGNN Knowledge Graph
1A 7/67,Diltiazem,DILTIAZEM,DB00343,hypertensive disorder,TxGNN Knowledge Graph
1A 7/67,Diltiazem,DILTIAZEM,DB00343,Prinzmetal angina,TxGNN Knowledge Graph
1A 7/67,Diltiazem,DILTIAZEM,DB00343,ventricular tachycardia,TxGNN Knowledge Graph
1A 7/67,Diltiazem,DILTIAZEM,DB00343,atrial fibrillation (disease),TxGNN Knowledge Graph
1A 8/67,Enalapril,ENALAPRIL,DB00584,hypertensive disorder,TxGNN Knowledge Graph
1A 9/67,Furosemide,FUROSEMIDE,DB00695,hypertensive disorder,TxGNN Knowledge Graph
1A 9/67,Furosemide,FUROSEMIDE,DB00695,hypertension,TxGNN Knowledge Graph
1A 10/67,Hydrochlorothiazide,HYDROCHLOROTHIAZIDE,DB00999,congestive heart failure,TxGNN Knowledge Graph
1A 10/67,Hydrochlorothiazide,HYDROCHLOROTHIAZIDE,DB00999,hypertensive disorder,TxGNN Knowledge Graph
1A 12/67,Lisinopril,LISINOPRIL,DB00722,hemoglobinopathy,TxGNN Knowledge Graph
1A 12/67,Lisinopril,LISINOPRIL,DB00722,hypertensive disorder,TxGNN Knowledge Graph
1A 12/67,Lisinopril,LISINOPRIL,DB00722,myocardial infarction,TxGNN Knowledge Graph
1A 12/67,Lisinopril,LISINOPRIL,DB00722,coronary thrombosis,TxGNN Knowledge Graph
1A 12/67,Lisinopril,LISINOPRIL,DB00722,myocardial infarction (disease),TxGNN Knowledge Graph
1A 13/67,Losartan,LOSARTAN,DB00678,diabetic nephropathy,TxGNN Knowledge Graph
1A 13/67,Losartan,LOSARTAN,DB00678,hypertensive disorder,TxGNN Knowledge Graph
1A 14/67,Metoprolol,METOPROLOL,DB00264,hemoglobinopathy,TxGNN Knowledge Graph
1A 14/67,Metoprolol,METOPROLOL,DB00264,hypertensive disorder,TxGNN Knowledge Graph
1A 14/67,Metoprolol,METOPROLOL,DB00264,acute coronary syndrome,TxGNN Knowledge Graph
1A 14/67,Metoprolol,METOPROLOL,DB00264,coronary thrombosis,TxGNN Knowledge Graph
1A 14/67,Metoprolol,METOPROLOL,DB00264,myocardial infarction,TxGNN Knowledge Graph
1A 14/67,Metoprolol,METOPROLOL,DB00264,myocardial infarction (disease),TxGNN Knowledge Graph
1A 15/67,Nifedipine,NIFEDIPINE,DB01115,Prinzmetal angina,TxGNN Knowledge Graph
1A 15/67,Nifedipine,NIFEDIPINE,DB01115,hypertensive disorder,TxGNN Knowledge Graph
1A 16/67,Propranolol,PROPRANOLOL,DB00571,congenital hemangioma,TxGNN Knowledge Graph
1A 16/67,Propranolol,PROPRANOLOL,DB00571,placental hemangioma,TxGNN Knowledge Graph
1A 16/67,Propranolol,PROPRANOLOL,DB00571,multifocal atrial tachycardia (disease),TxGNN Knowledge Graph
1A 16/67,Propranolol,PROPRANOLOL,DB00571,Kasabach-Merritt syndrome,TxGNN Knowledge Graph
1A 16/67,Propranolol,PROPRANOLOL,DB00571,composite hemangioendothelioma,TxGNN Knowledge Graph
1A 16/67,Propranolol,PROPRANOLOL,DB00571,tufted angioma (disease),TxGNN Knowledge Graph
1A 16/67,Propranolol,PROPRANOLOL,DB00571,familial hypertrophic cardiomyopathy,TxGNN Knowledge Graph
1A 16/67,Propranolol,PROPRANOLOL,DB00571,primary intralymphatic angioendothelioma,TxGNN Knowledge Graph
1A 16/67,Propranolol,PROPRANOLOL,DB00571,primary intraosseous venous malformation,TxGNN Knowledge Graph
1A 16/67,Propranolol,PROPRANOLOL,DB00571,His bundle tachycardia,TxGNN Knowledge Graph
1A 16/67,Propranolol,PROPRANOLOL,DB00571,cavernous hemangioma,TxGNN Knowledge Graph
1A 16/67,Propranolol,PROPRANOLOL,DB00571,kaposiform hemangioendothelioma,TxGNN Knowledge Graph
1A 16/67,Propranolol,PROPRANOLOL,DB00571,hypertrophic cardiomyopathy,TxGNN Knowledge Graph
1A 16/67,Propranolol,PROPRANOLOL,DB00571,retiform hemangioendothelioma,TxGNN Knowledge Graph
1A 16/67,Propranolol,PROPRANOLOL,DB00571,verrucous hemangioma,TxGNN Knowledge Graph
1A 16/67,Propranolol,PROPRANOLOL,DB00571,hemangioma,TxGNN Knowledge Graph
1A 16/67,Propranolol,PROPRANOLOL,DB00571,laryngotracheal angioma,TxGNN Knowledge Graph
1A 16/67,Propranolol,PROPRANOLOL,DB00571,pulmonary venoocclusive disease,TxGNN Knowledge Graph
1A 16/67,Propranolol,PROPRANOLOL,DB00571,epithelioid hemangioendothelioma,TxGNN Knowledge Graph
1A 16/67,Propranolol,PROPRANOLOL,DB00571,hereditary neurocutaneous angioma,TxGNN Knowledge Graph
1A 16/67,Propranolol,PROPRANOLOL,DB00571,cavernous hemangiomas of face-supraumbilical midline raphe syndrome,TxGNN Knowledge Graph
1A 16/67,Propranolol,PROPRANOLOL,DB00571,glomus tumor,TxGNN Knowledge Graph
1A 16/67,Propranolol,PROPRANOLOL,DB00571,lymphangioma,TxGNN Knowledge Graph
1A 16/67,Propranolol,PROPRANOLOL,DB00571,spindle cell hemangioma,TxGNN Knowledge Graph
1A 16/67,Propranolol,PROPRANOLOL,DB00571,hypertensive disorder,TxGNN Knowledge Graph
1A 16/67,Propranolol,PROPRANOLOL,DB00571,retinal capillary malformation,TxGNN Knowledge Graph
1A 16/67,Propranolol,PROPRANOLOL,DB00571,atrial fibrillation (disease),TxGNN Knowledge Graph
1A 17/67,Spironolactone,SPIRONOLACTONE,DB00421,primary aldosteronism,TxGNN Knowledge Graph
1A 17/67,Spironolactone,SPIRONOLACTONE,DB00421,Bartter disease,TxGNN Knowledge Graph
1A 17/67,Spironolactone,SPIRONOLACTONE,DB00421,hypertensive disorder,TxGNN Knowledge Graph
1A 17/67,Spironolactone,SPIRONOLACTONE,DB00421,hyperaldosteronism,TxGNN Knowledge Graph
1A 17/67,Spironolactone,SPIRONOLACTONE,DB00421,Waterhouse-Friderichsen syndrome,TxGNN Knowledge Graph
1A 17/67,Spironolactone,SPIRONOLACTONE,DB00421,hypertension,TxGNN Knowledge Graph
1A 18/67,Verapamil,VERAPAMIL,DB00661,hypertensive disorder,TxGNN Knowledge Graph
1A 18/67,Verapamil,VERAPAMIL,DB00661,acute coronary syndrome,TxGNN Knowledge Graph
1A 18/67,Verapamil,VERAPAMIL,DB00661,Prinzmetal angina,TxGNN Knowledge Graph
1A 18/67,Verapamil,VERAPAMIL,DB00661,ventricular tachycardia,TxGNN Knowledge Graph
1A 18/67,Verapamil,VERAPAMIL,DB00661,atrial fibrillation (disease),TxGNN Knowledge Graph
1A 19/67,Atorvastatin,ATORVASTATIN,DB01076,arteriosclerosis disorder,TxGNN Knowledge Graph
1A 19/67,Atorvastatin,ATORVASTATIN,DB01076,stroke disorder,TxGNN Knowledge Graph
1A 19/67,Atorvastatin,ATORVASTATIN,DB01076,cerebrovascular disorder,TxGNN Knowledge Graph
1A 19/67,Atorvastatin,ATORVASTATIN,DB01076,obsolete susceptibility to ischemic stroke,TxGNN Knowledge Graph
1A 19/67,Atorvastatin,ATORVASTATIN,DB01076,hyperlipoproteinemia,TxGNN Knowledge Graph
1A 19/67,Atorvastatin,ATORVASTATIN,DB01076,Prinzmetal angina,TxGNN Knowledge Graph
1A 19/67,Atorvastatin,ATORVASTATIN,DB01076,homozygous familial hypercholesterolemia,TxGNN Knowledge Graph
1A 19/67,Atorvastatin,ATORVASTATIN,DB01076,hypertriglyceridemia (disease),TxGNN Knowledge Graph
1A 19/67,Atorvastatin,ATORVASTATIN,DB01076,cerebral infarction,TxGNN Knowledge Graph
1A 19/67,Atorvastatin,ATORVASTATIN,DB01076,atherosclerosis,TxGNN Knowledge Graph
1A 20/67,Simvastatin,SIMVASTATIN,DB00641,arteriosclerosis disorder,TxGNN Knowledge Graph
1A 20/67,Simvastatin,SIMVASTATIN,DB00641,stroke disorder,TxGNN Knowledge Graph
1A 20/67,Simvastatin,SIMVASTATIN,DB00641,cerebrovascular disorder,TxGNN Knowledge Graph
1A 20/67,Simvastatin,SIMVASTATIN,DB00641,obsolete susceptibility to ischemic stroke,TxGNN Knowledge Graph
1A 20/67,Simvastatin,SIMVASTATIN,DB00641,hyperlipoproteinemia,TxGNN Knowledge Graph
1A 20/67,Simvastatin,SIMVASTATIN,DB00641,homozygous familial hypercholesterolemia,TxGNN Knowledge Graph
1A 20/67,Simvastatin,SIMVASTATIN,DB00641,hypertriglyceridemia (disease),TxGNN Knowledge Graph
1A 20/67,Simvastatin,SIMVASTATIN,DB00641,cerebral infarction,TxGNN Knowledge Graph
1A 20/67,Simvastatin,SIMVASTATIN,DB00641,atherosclerosis,TxGNN Knowledge Graph
1A 20/67,Simvastatin,SIMVASTATIN,DB00641,hypoalphalipoproteinemia,TxGNN Knowledge Graph
1A 21/67,Pravastatin,PRAVASTATIN,DB00175,arteriosclerosis disorder,TxGNN Knowledge Graph
1A 21/67,Pravastatin,PRAVASTATIN,DB00175,stroke disorder,TxGNN Knowledge Graph
1A 21/67,Pravastatin,PRAVASTATIN,DB00175,cerebrovascular disorder,TxGNN Knowledge Graph
1A 21/67,Pravastatin,PRAVASTATIN,DB00175,obsolete susceptibility to ischemic stroke,TxGNN Knowledge Graph
1A 21/67,Pravastatin,PRAVASTATIN,DB00175,hyperlipoproteinemia,TxGNN Knowledge Graph
1A 21/67,Pravastatin,PRAVASTATIN,DB00175,hypertriglyceridemia (disease),TxGNN Knowledge Graph
1A 21/67,Pravastatin,PRAVASTATIN,DB00175,cerebral infarction,TxGNN Knowledge Graph
1A 21/67,Pravastatin,PRAVASTATIN,DB00175,atherosclerosis,TxGNN Knowledge Graph
1A 23/67,Clopidogrel,CLOPIDOGREL,DB00758,intracranial embolism,TxGNN Knowledge Graph
1A 23/67,Clopidogrel,CLOPIDOGREL,DB00758,acute coronary syndrome,TxGNN Knowledge Graph
1A 23/67,Clopidogrel,CLOPIDOGREL,DB00758,ST-elevation myocardial infarction,TxGNN Knowledge Graph
1A 24/67,Warfarin,WARFARIN,DB00682,pulmonary embolism (disease),TxGNN Knowledge Graph
1A 24/67,Warfarin,WARFARIN,DB00682,intracranial embolism,TxGNN Knowledge Graph
1A 24/67,Warfarin,WARFARIN,DB00682,thrombotic disease,TxGNN Knowledge Graph
1A 25/67,Heparin,HEPARIN,DB01109,pulmonary embolism (disease),TxGNN Knowledge Graph
1A 25/67,Heparin,HEPARIN,DB01109,purpura fulminans,TxGNN Knowledge Graph
1A 25/67,Heparin,HEPARIN,DB01109,acquired purpura fulminans,TxGNN Knowledge Graph
1A 25/67,Heparin,HEPARIN,DB01109,disseminated intravascular coagulation,TxGNN Knowledge Graph
1A 26/67,Metformin,METFORMIN,DB00331,type 2 diabetes mellitus,TxGNN Knowledge Graph
1A 26/67,Metformin,METFORMIN,DB00331,diabetes mellitus (disease),TxGNN Knowledge Graph
1A 28/67,Gliclazide,GLICLAZIDE,DB01120,type 2 diabetes mellitus,TxGNN Knowledge Graph
1A 28/67,Gliclazide,GLICLAZIDE,DB01120,diabetes mellitus (disease),TxGNN Knowledge Graph
1A 29/67,Glimepiride,GLIMEPIRIDE,DB00222,type 2 diabetes mellitus,TxGNN Knowledge Graph
1A 29/67,Glimepiride,GLIMEPIRIDE,DB00222,diabetes mellitus (disease),TxGNN Knowledge Graph
1A 30/67,Pioglitazone,PIOGLITAZONE,DB01132,type 2 diabetes mellitus,TxGNN Knowledge Graph
1A 30/67,Pioglitazone,PIOGLITAZONE,DB01132,diabetes mellitus (disease),TxGNN Knowledge Graph
1A 33/67,Ibuprofen,IBUPROFEN,DB01050,osteoarthritis susceptibility,TxGNN Knowledge Graph
1A 33/67,Ibuprofen,IBUPROFEN,DB01050,patent ductus arteriosus,TxGNN Knowledge Graph
1A 33/67,Ibuprofen,IBUPROFEN,DB01050,arthropathy,TxGNN Knowledge Graph
1A 33/67,Ibuprofen,IBUPROFEN,DB01050,headache disorder,TxGNN Knowledge Graph
1A 33/67,Ibuprofen,IBUPROFEN,DB01050,juvenile arthritis due to defect in LACC1,TxGNN Knowledge Graph
1A 33/67,Ibuprofen,IBUPROFEN,DB01050,spondyloarthropathy,TxGNN Knowledge Graph
1A 33/67,Ibuprofen,IBUPROFEN,DB01050,rheumatoid arthritis,TxGNN Knowledge Graph
1A 33/67,Ibuprofen,IBUPROFEN,DB01050,juvenile idiopathic arthritis,TxGNN Knowledge Graph
1A 33/67,Ibuprofen,IBUPROFEN,DB01050,osteoarthritis,TxGNN Knowledge Graph
1A 34/67,Diclofenac,DICLOFENAC,DB00586,actinic cheilitis,TxGNN Knowledge Graph
1A 34/67,Diclofenac,DICLOFENAC,DB00586,actinic keratosis (disease),TxGNN Knowledge Graph
1A 34/67,Diclofenac,DICLOFENAC,DB00586,osteoarthritis susceptibility,TxGNN Knowledge Graph
1A 34/67,Diclofenac,DICLOFENAC,DB00586,melanoacanthoma,TxGNN Knowledge Graph
1A 34/67,Diclofenac,DICLOFENAC,DB00586,"spondyloarthropathy, susceptibility to",TxGNN Knowledge Graph
1A 34/67,Diclofenac,DICLOFENAC,DB00586,inverted follicular keratosis,TxGNN Knowledge Graph
1A 34/67,Diclofenac,DICLOFENAC,DB00586,ankylosing spondylitis,TxGNN Knowledge Graph
1A 34/67,Diclofenac,DICLOFENAC,DB00586,arthropathy,TxGNN Knowledge Graph
1A 34/67,Diclofenac,DICLOFENAC,DB00586,seborrheic keratosis,TxGNN Knowledge Graph
1A 34/67,Diclofenac,DICLOFENAC,DB00586,keratoacanthoma,TxGNN Knowledge Graph
1A 34/67,Diclofenac,DICLOFENAC,DB00586,skin disease,TxGNN Knowledge Graph
1A 34/67,Diclofenac,DICLOFENAC,DB00586,rheumatoid arthritis,TxGNN Knowledge Graph
1A 34/67,Diclofenac,DICLOFENAC,DB00586,osteoarthritis,TxGNN Knowledge Graph
1A 35/67,Naproxen,NAPROXEN,DB00788,tendinitis,TxGNN Knowledge Graph
1A 35/67,Naproxen,NAPROXEN,DB00788,"migraine with or without aura, susceptibility to",TxGNN Knowledge Graph
1A 35/67,Naproxen,NAPROXEN,DB00788,"spondyloarthropathy, susceptibility to",TxGNN Knowledge Graph
1A 35/67,Naproxen,NAPROXEN,DB00788,periarthritis,TxGNN Knowledge Graph
1A 35/67,Naproxen,NAPROXEN,DB00788,juvenile arthritis due to defect in LACC1,TxGNN Knowledge Graph
1A 35/67,Naproxen,NAPROXEN,DB00788,gout,TxGNN Knowledge Graph
1A 35/67,Naproxen,NAPROXEN,DB00788,myositis,TxGNN Knowledge Graph
1A 35/67,Naproxen,NAPROXEN,DB00788,exostosis,TxGNN Knowledge Graph
1A 35/67,Naproxen,NAPROXEN,DB00788,osteoarthritis,TxGNN Knowledge Graph
1A 35/67,Naproxen,NAPROXEN,DB00788,osteoarthritis susceptibility,TxGNN Knowledge Graph
1A 35/67,Naproxen,NAPROXEN,DB00788,common cold,TxGNN Knowledge Graph
1A 35/67,Naproxen,NAPROXEN,DB00788,ankylosing spondylitis,TxGNN Knowledge Graph
1A 35/67,Naproxen,NAPROXEN,DB00788,headache disorder,TxGNN Knowledge Graph
1A 35/67,Naproxen,NAPROXEN,DB00788,arthropathy,TxGNN Knowledge Graph
1A 35/67,Naproxen,NAPROXEN,DB00788,spondyloarthropathy,TxGNN Knowledge Graph
1A 35/67,Naproxen,NAPROXEN,DB00788,migraine disorder,TxGNN Knowledge Graph
1A 35/67,Naproxen,NAPROXEN,DB00788,rheumatoid arthritis,TxGNN Knowledge Graph
1A 35/67,Naproxen,NAPROXEN,DB00788,fibromyalgia,TxGNN Knowledge Graph
1A 35/67,Naproxen,NAPROXEN,DB00788,juvenile idiopathic arthritis,TxGNN Knowledge Graph
1A 35/67,Naproxen,NAPROXEN,DB00788,bursitis,TxGNN Knowledge Graph
1A 36/67,Indomethacin,INDOMETHACIN,DB00328,tenosynovitis,TxGNN Knowledge Graph
1A 36/67,Indomethacin,INDOMETHACIN,DB00328,synovitis (disease),TxGNN Knowledge Graph
1A 36/67,Indomethacin,INDOMETHACIN,DB00328,osteoarthritis susceptibility,TxGNN Knowledge Graph
1A 36/67,Indomethacin,INDOMETHACIN,DB00328,"spondyloarthropathy, susceptibility to",TxGNN Knowledge Graph
1A 36/67,Indomethacin,INDOMETHACIN,DB00328,frozen shoulder,TxGNN Knowledge Graph
1A 36/67,Indomethacin,INDOMETHACIN,DB00328,patent ductus arteriosus,TxGNN Knowledge Graph
1A 36/67,Indomethacin,INDOMETHACIN,DB00328,ankylosing spondylitis,TxGNN Knowledge Graph
1A 36/67,Indomethacin,INDOMETHACIN,DB00328,tendinitis,TxGNN Knowledge Graph
1A 36/67,Indomethacin,INDOMETHACIN,DB00328,arthropathy,TxGNN Knowledge Graph
1A 36/67,Indomethacin,INDOMETHACIN,DB00328,periarthritis,TxGNN Knowledge Graph
1A 36/67,Indomethacin,INDOMETHACIN,DB00328,exostosis,TxGNN Knowledge Graph
1A 36/67,Indomethacin,INDOMETHACIN,DB00328,gout,TxGNN Knowledge Graph
1A 36/67,Indomethacin,INDOMETHACIN,DB00328,rheumatoid arthritis,TxGNN Knowledge Graph
1A 36/67,Indomethacin,INDOMETHACIN,DB00328,bursitis,TxGNN Knowledge Graph
1A 36/67,Indomethacin,INDOMETHACIN,DB00328,osteoarthritis,TxGNN Knowledge Graph
1A 37/67,Celecoxib,CELECOXIB,DB00482,"spondyloarthropathy, susceptibility to",TxGNN Knowledge Graph
1A 37/67,Celecoxib,CELECOXIB,DB00482,ankylosing spondylitis,TxGNN Knowledge Graph
1A 37/67,Celecoxib,CELECOXIB,DB00482,arthropathy,TxGNN Knowledge Graph
1A 37/67,Celecoxib,CELECOXIB,DB00482,juvenile arthritis due to defect in LACC1,TxGNN Knowledge Graph
1A 37/67,Celecoxib,CELECOXIB,DB00482,spondyloarthropathy,TxGNN Knowledge Graph
1A 37/67,Celecoxib,CELECOXIB,DB00482,rheumatoid arthritis,TxGNN Knowledge Graph
1A 37/67,Celecoxib,CELECOXIB,DB00482,juvenile idiopathic arthritis,TxGNN Knowledge Graph
1A 38/67,Tramadol,TRAMADOL,DB00193,osteoarthritis susceptibility,TxGNN Knowledge Graph
1A 38/67,Tramadol,TRAMADOL,DB00193,arthropathy,TxGNN Knowledge Graph
1A 38/67,Tramadol,TRAMADOL,DB00193,osteoarthritis,TxGNN Knowledge Graph
1A 39/67,Morphine,MORPHINE,DB00295,diarrheal disease,TxGNN Knowledge Graph
1A 40/67,Omeprazole,OMEPRAZOLE,DB00338,peptic esophagitis,TxGNN Knowledge Graph
1A 40/67,Omeprazole,OMEPRAZOLE,DB00338,gastrin secretion abnormality,TxGNN Knowledge Graph
1A 40/67,Omeprazole,OMEPRAZOLE,DB00338,hyperinsulinism (disease),TxGNN Knowledge Graph
1A 40/67,Omeprazole,OMEPRAZOLE,DB00338,Zollinger-Ellison syndrome,TxGNN Knowledge Graph
1A 40/67,Omeprazole,OMEPRAZOLE,DB00338,duodenal ulcer (disease),TxGNN Knowledge Graph
1A 40/67,Omeprazole,OMEPRAZOLE,DB00338,esophagitis (disease),TxGNN Knowledge Graph
1A 40/67,Omeprazole,OMEPRAZOLE,DB00338,peptic ulcer disease,TxGNN Knowledge Graph
1A 41/67,Pantoprazole,PANTOPRAZOLE,DB00213,peptic esophagitis,TxGNN Knowledge Graph
1A 41/67,Pantoprazole,PANTOPRAZOLE,DB00213,gastrin secretion abnormality,TxGNN Knowledge Graph
1A 41/67,Pantoprazole,PANTOPRAZOLE,DB00213,hyperinsulinism (disease),TxGNN Knowledge Graph
1A 41/67,Pantoprazole,PANTOPRAZOLE,DB00213,Zollinger-Ellison syndrome,TxGNN Knowledge Graph
1A 41/67,Pantoprazole,PANTOPRAZOLE,DB00213,multiple endocrine neoplasia,TxGNN Knowledge Graph
1A 41/67,Pantoprazole,PANTOPRAZOLE,DB00213,esophagitis (disease),TxGNN Knowledge Graph
1A 41/67,Pantoprazole,PANTOPRAZOLE,DB00213,peptic ulcer disease,TxGNN Knowledge Graph
1A 42/67,Lansoprazole,LANSOPRAZOLE,DB00448,peptic esophagitis,TxGNN Knowledge Graph
1A 42/67,Lansoprazole,LANSOPRAZOLE,DB00448,gastrin secretion abnormality,TxGNN Knowledge Graph
1A 42/67,Lansoprazole,LANSOPRAZOLE,DB00448,hyperinsulinism (disease),TxGNN Knowledge Graph
1A 42/67,Lansoprazole,LANSOPRAZOLE,DB00448,Zollinger-Ellison syndrome,TxGNN Knowledge Graph
1A 42/67,Lansoprazole,LANSOPRAZOLE,DB00448,duodenal ulcer (disease),TxGNN Knowledge Graph
1A 42/67,Lansoprazole,LANSOPRAZOLE,DB00448,esophagitis (disease),TxGNN Knowledge Graph
1A 42/67,Lansoprazole,LANSOPRAZOLE,DB00448,peptic ulcer disease,TxGNN Knowledge Graph
1A 43/67,Ranitidine,RANITIDINE,DB00863,gastroesophageal reflux disease,TxGNN Knowledge Graph
1A 43/67,Ranitidine,RANITIDINE,DB00863,peptic esophagitis,TxGNN Knowledge Graph
1A 43/67,Ranitidine,RANITIDINE,DB00863,gastrin secretion abnormality,TxGNN Knowledge Graph
1A 43/67,Ranitidine,RANITIDINE,DB00863,dyspepsia,TxGNN Knowledge Graph
1A 43/67,Ranitidine,RANITIDINE,DB00863,Zollinger-Ellison syndrome,TxGNN Knowledge Graph
1A 43/67,Ranitidine,RANITIDINE,DB00863,duodenal ulcer (disease),TxGNN Knowledge Graph
1A 43/67,Ranitidine,RANITIDINE,DB00863,hyperinsulinism (disease),TxGNN Knowledge Graph
1A 43/67,Ranitidine,RANITIDINE,DB00863,esophagitis (disease),TxGNN Knowledge Graph
1A 45/67,Metoclopramide,METOCLOPRAMIDE,DB01233,gastroesophageal reflux disease,TxGNN Knowledge Graph
1A 45/67,Metoclopramide,METOCLOPRAMIDE,DB01233,peptic esophagitis,TxGNN Knowledge Graph
1A 45/67,Metoclopramide,METOCLOPRAMIDE,DB01233,esophagitis (disease),TxGNN Knowledge Graph
1A 47/67,Loperamide,LOPERAMIDE,DB00836,dysentery,TxGNN Knowledge Graph
1A 47/67,Loperamide,LOPERAMIDE,DB00836,diarrheal disease,TxGNN Knowledge Graph
1A 48/67,Amoxicillin,AMOXICILLIN,DB01060,pharyngitis,TxGNN Knowledge Graph
1A 48/67,Amoxicillin,AMOXICILLIN,DB01060,staphylococcal infection,TxGNN Knowledge Graph
1A 48/67,Amoxicillin,AMOXICILLIN,DB01060,escherichia coli infection,TxGNN Knowledge Graph
1A 48/67,Amoxicillin,AMOXICILLIN,DB01060,Klebsiella pneumonia,TxGNN Knowledge Graph
1A 48/67,Amoxicillin,AMOXICILLIN,DB01060,urinary tract infection (disease),TxGNN Knowledge Graph
1A 48/67,Amoxicillin,AMOXICILLIN,DB01060,infectious otitis media,TxGNN Knowledge Graph
1A 48/67,Amoxicillin,AMOXICILLIN,DB01060,bacterial pneumonia,TxGNN Knowledge Graph
1A 48/67,Amoxicillin,AMOXICILLIN,DB01060,staphylococcus aureus pneumonia,TxGNN Knowledge Graph
1A 48/67,Amoxicillin,AMOXICILLIN,DB01060,streptococcal infection,TxGNN Knowledge Graph
1A 48/67,Amoxicillin,AMOXICILLIN,DB01060,streptococcal pneumonia,TxGNN Knowledge Graph
1A 48/67,Amoxicillin,AMOXICILLIN,DB01060,staphylococcus aureus infection,TxGNN Knowledge Graph
1A 48/67,Amoxicillin,AMOXICILLIN,DB01060,rhinoscleroma,TxGNN Knowledge Graph
1A 49/67,Ampicillin,AMPICILLIN,DB00415,staphylococcal infection,TxGNN Knowledge Graph
1A 49/67,Ampicillin,AMPICILLIN,DB00415,viral meningitis,TxGNN Knowledge Graph
1A 49/67,Ampicillin,AMPICILLIN,DB00415,staphylococcal pneumonia,TxGNN Knowledge Graph
1A 49/67,Ampicillin,AMPICILLIN,DB00415,infectious otitis media,TxGNN Knowledge Graph
1A 49/67,Ampicillin,AMPICILLIN,DB00415,typhoid fever,TxGNN Knowledge Graph
1A 49/67,Ampicillin,AMPICILLIN,DB00415,sclerosing cholangitis,TxGNN Knowledge Graph
1A 49/67,Ampicillin,AMPICILLIN,DB00415,meningococcal infection,TxGNN Knowledge Graph
1A 49/67,Ampicillin,AMPICILLIN,DB00415,dysentery,TxGNN Knowledge Graph
1A 49/67,Ampicillin,AMPICILLIN,DB00415,diarrheal disease,TxGNN Knowledge Graph
1A 49/67,Ampicillin,AMPICILLIN,DB00415,pneumococcal meningitis,TxGNN Knowledge Graph
1A 49/67,Ampicillin,AMPICILLIN,DB00415,shigellosis,TxGNN Knowledge Graph
1A 49/67,Ampicillin,AMPICILLIN,DB00415,infectious diarrheal disease,TxGNN Knowledge Graph
1A 49/67,Ampicillin,AMPICILLIN,DB00415,cholangitis,TxGNN Knowledge Graph
1A 49/67,Ampicillin,AMPICILLIN,DB00415,gonorrhea,TxGNN Knowledge Graph
1A 49/67,Ampicillin,AMPICILLIN,DB00415,paratyphoid fever,TxGNN Knowledge Graph
1A 49/67,Ampicillin,AMPICILLIN,DB00415,acute gonococcal cervicitis,TxGNN Knowledge Graph
1A 49/67,Ampicillin,AMPICILLIN,DB00415,endocarditis,TxGNN Knowledge Graph
1A 49/67,Ampicillin,AMPICILLIN,DB00415,Escherichia coli meningitis,TxGNN Knowledge Graph
1A 49/67,Ampicillin,AMPICILLIN,DB00415,rhinoscleroma,TxGNN Knowledge Graph
1A 49/67,Ampicillin,AMPICILLIN,DB00415,epiglottitis,TxGNN Knowledge Graph
1A 49/67,Ampicillin,AMPICILLIN,DB00415,subacute bacterial endocarditis,TxGNN Knowledge Graph
1A 49/67,Ampicillin,AMPICILLIN,DB00415,sinusitis,TxGNN Knowledge Graph
1A 49/67,Ampicillin,AMPICILLIN,DB00415,escherichia coli infection,TxGNN Knowledge Graph
1A 49/67,Ampicillin,AMPICILLIN,DB00415,suppurative cholangitis,TxGNN Knowledge Graph
1A 49/67,Ampicillin,AMPICILLIN,DB00415,urinary tract infection (disease),TxGNN Knowledge Graph
1A 49/67,Ampicillin,AMPICILLIN,DB00415,invasive non-typhoidal salmonellosis,TxGNN Knowledge Graph
1A 49/67,Ampicillin,AMPICILLIN,DB00415,streptococcal pneumonia,TxGNN Knowledge Graph
1A 49/67,Ampicillin,AMPICILLIN,DB00415,pharyngitis,TxGNN Knowledge Graph
1A 49/67,Ampicillin,AMPICILLIN,DB00415,IgG4-related sclerosing cholangitis,TxGNN Knowledge Graph
1A 49/67,Ampicillin,AMPICILLIN,DB00415,salmonellosis,TxGNN Knowledge Graph
1A 49/67,Ampicillin,AMPICILLIN,DB00415,bacterial pneumonia,TxGNN Knowledge Graph
1A 49/67,Ampicillin,AMPICILLIN,DB00415,intestinal infectious disease,TxGNN Knowledge Graph
1A 49/67,Ampicillin,AMPICILLIN,DB00415,acute gonococcal endometritis,TxGNN Knowledge Graph
1A 49/67,Ampicillin,AMPICILLIN,DB00415,staphylococcus aureus infection,TxGNN Knowledge Graph
1A 50/67,Azithromycin,AZITHROMYCIN,DB00207,staphylococcal infection,TxGNN Knowledge Graph
1A 50/67,Azithromycin,AZITHROMYCIN,DB00207,acute gonococcal cervicitis,TxGNN Knowledge Graph
1A 50/67,Azithromycin,AZITHROMYCIN,DB00207,conjunctivitis,TxGNN Knowledge Graph
1A 50/67,Azithromycin,AZITHROMYCIN,DB00207,leptospirosis,TxGNN Knowledge Graph
1A 50/67,Azithromycin,AZITHROMYCIN,DB00207,staphylococcus aureus pneumonia,TxGNN Knowledge Graph
1A 50/67,Azithromycin,AZITHROMYCIN,DB00207,pneumonia caused by chlamydia,TxGNN Knowledge Graph
1A 50/67,Azithromycin,AZITHROMYCIN,DB00207,bacterial pneumonia,TxGNN Knowledge Graph
1A 50/67,Azithromycin,AZITHROMYCIN,DB00207,acute contagious conjunctivitis,TxGNN Knowledge Graph
1A 50/67,Azithromycin,AZITHROMYCIN,DB00207,yaws,TxGNN Knowledge Graph
1A 50/67,Azithromycin,AZITHROMYCIN,DB00207,necrotizing ulcerative gingivitis,TxGNN Knowledge Graph
1A 50/67,Azithromycin,AZITHROMYCIN,DB00207,streptococcal infection,TxGNN Knowledge Graph
1A 50/67,Azithromycin,AZITHROMYCIN,DB00207,Mycoplasma pneumoniae pneumonia,TxGNN Knowledge Graph
1A 50/67,Azithromycin,AZITHROMYCIN,DB00207,streptococcal pneumonia,TxGNN Knowledge Graph
1A 50/67,Azithromycin,AZITHROMYCIN,DB00207,staphylococcus aureus infection,TxGNN Knowledge Graph
1A 50/67,Azithromycin,AZITHROMYCIN,DB00207,lymphogranuloma venereum,TxGNN Knowledge Graph
1A 50/67,Azithromycin,AZITHROMYCIN,DB00207,chancroid,TxGNN Knowledge Graph
1A 51/67,Ciprofloxacin,CIPROFLOXACIN,DB00537,cystitis,TxGNN Knowledge Graph
1A 51/67,Ciprofloxacin,CIPROFLOXACIN,DB00537,staphylococcal infection,TxGNN Knowledge Graph
1A 51/67,Ciprofloxacin,CIPROFLOXACIN,DB00537,leptospirosis,TxGNN Knowledge Graph
1A 51/67,Ciprofloxacin,CIPROFLOXACIN,DB00537,maxillary sinusitis,TxGNN Knowledge Graph
1A 51/67,Ciprofloxacin,CIPROFLOXACIN,DB00537,otitis externa,TxGNN Knowledge Graph
1A 51/67,Ciprofloxacin,CIPROFLOXACIN,DB00537,typhoid fever,TxGNN Knowledge Graph
1A 51/67,Ciprofloxacin,CIPROFLOXACIN,DB00537,necrotizing ulcerative gingivitis,TxGNN Knowledge Graph
1A 51/67,Ciprofloxacin,CIPROFLOXACIN,DB00537,diarrheal disease,TxGNN Knowledge Graph
1A 51/67,Ciprofloxacin,CIPROFLOXACIN,DB00537,dysentery,TxGNN Knowledge Graph
1A 51/67,Ciprofloxacin,CIPROFLOXACIN,DB00537,shigellosis,TxGNN Knowledge Graph
1A 51/67,Ciprofloxacin,CIPROFLOXACIN,DB00537,infectious diarrheal disease,TxGNN Knowledge Graph
1A 51/67,Ciprofloxacin,CIPROFLOXACIN,DB00537,paratyphoid fever,TxGNN Knowledge Graph
1A 51/67,Ciprofloxacin,CIPROFLOXACIN,DB00537,external ear disease,TxGNN Knowledge Graph
1A 51/67,Ciprofloxacin,CIPROFLOXACIN,DB00537,chancroid,TxGNN Knowledge Graph
1A 51/67,Ciprofloxacin,CIPROFLOXACIN,DB00537,acute gonococcal cervicitis,TxGNN Knowledge Graph
1A 51/67,Ciprofloxacin,CIPROFLOXACIN,DB00537,botulism,TxGNN Knowledge Graph
1A 51/67,Ciprofloxacin,CIPROFLOXACIN,DB00537,acute contagious conjunctivitis,TxGNN Knowledge Graph
1A 51/67,Ciprofloxacin,CIPROFLOXACIN,DB00537,streptococcal infection,TxGNN Knowledge Graph
1A 51/67,Ciprofloxacin,CIPROFLOXACIN,DB00537,anthrax infection,TxGNN Knowledge Graph
1A 51/67,Ciprofloxacin,CIPROFLOXACIN,DB00537,rhinoscleroma,TxGNN Knowledge Graph
1A 51/67,Ciprofloxacin,CIPROFLOXACIN,DB00537,escherichia coli infection,TxGNN Knowledge Graph
1A 51/67,Ciprofloxacin,CIPROFLOXACIN,DB00537,conjunctivitis,TxGNN Knowledge Graph
1A 51/67,Ciprofloxacin,CIPROFLOXACIN,DB00537,prostatitis (disease),TxGNN Knowledge Graph
1A 51/67,Ciprofloxacin,CIPROFLOXACIN,DB00537,bacterial arthritis,TxGNN Knowledge Graph
1A 51/67,Ciprofloxacin,CIPROFLOXACIN,DB00537,streptococcal pneumonia,TxGNN Knowledge Graph
1A 51/67,Ciprofloxacin,CIPROFLOXACIN,DB00537,malignant otitis externa caused by Pseudomonas aeruginosa,TxGNN Knowledge Graph
1A 51/67,Ciprofloxacin,CIPROFLOXACIN,DB00537,salmonellosis,TxGNN Knowledge Graph
1A 51/67,Ciprofloxacin,CIPROFLOXACIN,DB00537,bacterial pneumonia,TxGNN Knowledge Graph
1A 51/67,Ciprofloxacin,CIPROFLOXACIN,DB00537,arthropathy,TxGNN Knowledge Graph
1A 51/67,Ciprofloxacin,CIPROFLOXACIN,DB00537,yaws,TxGNN Knowledge Graph
1A 51/67,Ciprofloxacin,CIPROFLOXACIN,DB00537,Pseudomonas aeruginosa infectious disease,TxGNN Knowledge Graph
1A 51/67,Ciprofloxacin,CIPROFLOXACIN,DB00537,intestinal infectious disease,TxGNN Knowledge Graph
1A 51/67,Ciprofloxacin,CIPROFLOXACIN,DB00537,trigonitis,TxGNN Knowledge Graph
1A 51/67,Ciprofloxacin,CIPROFLOXACIN,DB00537,staphylococcus aureus infection,TxGNN Knowledge Graph
1A 51/67,Ciprofloxacin,CIPROFLOXACIN,DB00537,lymphogranuloma venereum,TxGNN Knowledge Graph
1A 52/67,Clarithromycin,CLARITHROMYCIN,DB01211,staphylococcal infection,TxGNN Knowledge Graph
1A 52/67,Clarithromycin,CLARITHROMYCIN,DB01211,maxillary sinusitis,TxGNN Knowledge Graph
1A 52/67,Clarithromycin,CLARITHROMYCIN,DB01211,infectious otitis media,TxGNN Knowledge Graph
1A 52/67,Clarithromycin,CLARITHROMYCIN,DB01211,pneumonia caused by chlamydia,TxGNN Knowledge Graph
1A 52/67,Clarithromycin,CLARITHROMYCIN,DB01211,bacterial pneumonia,TxGNN Knowledge Graph
1A 52/67,Clarithromycin,CLARITHROMYCIN,DB01211,Mycoplasma pneumoniae pneumonia,TxGNN Knowledge Graph
1A 52/67,Clarithromycin,CLARITHROMYCIN,DB01211,streptococcal infection,TxGNN Knowledge Graph
1A 52/67,Clarithromycin,CLARITHROMYCIN,DB01211,streptococcal pneumonia,TxGNN Knowledge Graph
1A 52/67,Clarithromycin,CLARITHROMYCIN,DB01211,staphylococcus aureus infection,TxGNN Knowledge Graph
1A 53/67,Doxycycline,DOXYCYCLINE,DB00254,leptospirosis,TxGNN Knowledge Graph
1A 53/67,Doxycycline,DOXYCYCLINE,DB00254,endemic typhus,TxGNN Knowledge Graph
1A 53/67,Doxycycline,DOXYCYCLINE,DB00254,necrotizing ulcerative gingivitis,TxGNN Knowledge Graph
1A 53/67,Doxycycline,DOXYCYCLINE,DB00254,listeriosis,TxGNN Knowledge Graph
1A 53/67,Doxycycline,DOXYCYCLINE,DB00254,acne (disease),TxGNN Knowledge Graph
1A 53/67,Doxycycline,DOXYCYCLINE,DB00254,chlamydia trachomatis infectious disease,TxGNN Knowledge Graph
1A 53/67,Doxycycline,DOXYCYCLINE,DB00254,gonococcal epididymo-orchitis,TxGNN Knowledge Graph
1A 53/67,Doxycycline,DOXYCYCLINE,DB00254,spotted fever,TxGNN Knowledge Graph
1A 53/67,Doxycycline,DOXYCYCLINE,DB00254,gonorrhea,TxGNN Knowledge Graph
1A 53/67,Doxycycline,DOXYCYCLINE,DB00254,cutaneous anthrax,TxGNN Knowledge Graph
1A 53/67,Doxycycline,DOXYCYCLINE,DB00254,epidemic louse-borne typhus,TxGNN Knowledge Graph
1A 53/67,Doxycycline,DOXYCYCLINE,DB00254,chancroid,TxGNN Knowledge Graph
1A 53/67,Doxycycline,DOXYCYCLINE,DB00254,erythrasma,TxGNN Knowledge Graph
1A 53/67,Doxycycline,DOXYCYCLINE,DB00254,bronchitis,TxGNN Knowledge Graph
1A 53/67,Doxycycline,DOXYCYCLINE,DB00254,acute gonococcal cervicitis,TxGNN Knowledge Graph
1A 53/67,Doxycycline,DOXYCYCLINE,DB00254,trachoma,TxGNN Knowledge Graph
1A 53/67,Doxycycline,DOXYCYCLINE,DB00254,syphilis,TxGNN Knowledge Graph
1A 53/67,Doxycycline,DOXYCYCLINE,DB00254,brucellosis,TxGNN Knowledge Graph
1A 53/67,Doxycycline,DOXYCYCLINE,DB00254,urethritis (disease),TxGNN Knowledge Graph
1A 53/67,Doxycycline,DOXYCYCLINE,DB00254,granuloma inguinale,TxGNN Knowledge Graph
1A 53/67,Doxycycline,DOXYCYCLINE,DB00254,Brill-Zinsser disease,TxGNN Knowledge Graph
1A 53/67,Doxycycline,DOXYCYCLINE,DB00254,Japanese spotted fever,TxGNN Knowledge Graph
1A 53/67,Doxycycline,DOXYCYCLINE,DB00254,anthrax infection,TxGNN Knowledge Graph
1A 53/67,Doxycycline,DOXYCYCLINE,DB00254,acute gonococcal endometritis,TxGNN Knowledge Graph
1A 53/67,Doxycycline,DOXYCYCLINE,DB00254,relapsing epidemic typhus,TxGNN Knowledge Graph
1A 53/67,Doxycycline,DOXYCYCLINE,DB00254,cholera,TxGNN Knowledge Graph
1A 53/67,Doxycycline,DOXYCYCLINE,DB00254,relapsing fever,TxGNN Knowledge Graph
1A 53/67,Doxycycline,DOXYCYCLINE,DB00254,cat-scratch disease,TxGNN Knowledge Graph
1A 53/67,Doxycycline,DOXYCYCLINE,DB00254,sinusitis,TxGNN Knowledge Graph
1A 53/67,Doxycycline,DOXYCYCLINE,DB00254,conjunctivitis,TxGNN Knowledge Graph
1A 53/67,Doxycycline,DOXYCYCLINE,DB00254,typhus,TxGNN Knowledge Graph
1A 53/67,Doxycycline,DOXYCYCLINE,DB00254,bartonellosis,TxGNN Knowledge Graph
1A 53/67,Doxycycline,DOXYCYCLINE,DB00254,rickettsialpox,TxGNN Knowledge Graph
1A 53/67,Doxycycline,DOXYCYCLINE,DB00254,Rickettsiosis,TxGNN Knowledge Graph
1A 53/67,Doxycycline,DOXYCYCLINE,DB00254,ornithosis,TxGNN Knowledge Graph
1A 53/67,Doxycycline,DOXYCYCLINE,DB00254,pharyngitis,TxGNN Knowledge Graph
1A 53/67,Doxycycline,DOXYCYCLINE,DB00254,chlamydia infectious disease,TxGNN Knowledge Graph
1A 53/67,Doxycycline,DOXYCYCLINE,DB00254,actinomycosis,TxGNN Knowledge Graph
1A 53/67,Doxycycline,DOXYCYCLINE,DB00254,tularemia,TxGNN Knowledge Graph
1A 53/67,Doxycycline,DOXYCYCLINE,DB00254,Actinomycetales infectious disease,TxGNN Knowledge Graph
1A 53/67,Doxycycline,DOXYCYCLINE,DB00254,boutonneuse fever,TxGNN Knowledge Graph
1A 53/67,Doxycycline,DOXYCYCLINE,DB00254,trypanosomiasis,TxGNN Knowledge Graph
1A 53/67,Doxycycline,DOXYCYCLINE,DB00254,bacterial pneumonia,TxGNN Knowledge Graph
1A 53/67,Doxycycline,DOXYCYCLINE,DB00254,yaws,TxGNN Knowledge Graph
1A 53/67,Doxycycline,DOXYCYCLINE,DB00254,Mycoplasma pneumoniae pneumonia,TxGNN Knowledge Graph
1A 53/67,Doxycycline,DOXYCYCLINE,DB00254,Q fever,TxGNN Knowledge Graph
1A 53/67,Doxycycline,DOXYCYCLINE,DB00254,scrub typhus,TxGNN Knowledge Graph
1A 53/67,Doxycycline,DOXYCYCLINE,DB00254,Rocky mountain spotted fever,TxGNN Knowledge Graph
1A 53/67,Doxycycline,DOXYCYCLINE,DB00254,gastrointestinal anthrax,TxGNN Knowledge Graph
1A 53/67,Doxycycline,DOXYCYCLINE,DB00254,inhalational anthrax,TxGNN Knowledge Graph
1A 53/67,Doxycycline,DOXYCYCLINE,DB00254,lymphogranuloma venereum,TxGNN Knowledge Graph
1A 54/67,Erythromycin,ERYTHROMYCIN,DB00199,staphylococcal infection,TxGNN Knowledge Graph
1A 54/67,Erythromycin,ERYTHROMYCIN,DB00199,diphtheria,TxGNN Knowledge Graph
1A 54/67,Erythromycin,ERYTHROMYCIN,DB00199,infectious otitis media,TxGNN Knowledge Graph
1A 54/67,Erythromycin,ERYTHROMYCIN,DB00199,listeriosis,TxGNN Knowledge Graph
1A 54/67,Erythromycin,ERYTHROMYCIN,DB00199,acne (disease),TxGNN Knowledge Graph
1A 54/67,Erythromycin,ERYTHROMYCIN,DB00199,gonorrhea,TxGNN Knowledge Graph
1A 54/67,Erythromycin,ERYTHROMYCIN,DB00199,erythrasma,TxGNN Knowledge Graph
1A 54/67,Erythromycin,ERYTHROMYCIN,DB00199,acute gonococcal cervicitis,TxGNN Knowledge Graph
1A 54/67,Erythromycin,ERYTHROMYCIN,DB00199,pertussis,TxGNN Knowledge Graph
1A 54/67,Erythromycin,ERYTHROMYCIN,DB00199,syphilis,TxGNN Knowledge Graph
1A 54/67,Erythromycin,ERYTHROMYCIN,DB00199,pneumonia caused by chlamydia,TxGNN Knowledge Graph
1A 54/67,Erythromycin,ERYTHROMYCIN,DB00199,urethritis (disease),TxGNN Knowledge Graph
1A 54/67,Erythromycin,ERYTHROMYCIN,DB00199,streptococcal infection,TxGNN Knowledge Graph
1A 54/67,Erythromycin,ERYTHROMYCIN,DB00199,cat-scratch disease,TxGNN Knowledge Graph
1A 54/67,Erythromycin,ERYTHROMYCIN,DB00199,conjunctivitis,TxGNN Knowledge Graph
1A 54/67,Erythromycin,ERYTHROMYCIN,DB00199,streptococcal pneumonia,TxGNN Knowledge Graph
1A 54/67,Erythromycin,ERYTHROMYCIN,DB00199,actinomycosis,TxGNN Knowledge Graph
1A 54/67,Erythromycin,ERYTHROMYCIN,DB00199,bacterial pneumonia,TxGNN Knowledge Graph
1A 54/67,Erythromycin,ERYTHROMYCIN,DB00199,Mycoplasma pneumoniae pneumonia,TxGNN Knowledge Graph
1A 54/67,Erythromycin,ERYTHROMYCIN,DB00199,ophthalmia neonatorum,TxGNN Knowledge Graph
1A 54/67,Erythromycin,ERYTHROMYCIN,DB00199,acute gonococcal endometritis,TxGNN Knowledge Graph
1A 54/67,Erythromycin,ERYTHROMYCIN,DB00199,staphylococcus aureus infection,TxGNN Knowledge Graph
1A 55/67,Metronidazole,METRONIDAZOLE,DB00916,bacterial vaginosis,TxGNN Knowledge Graph
1A 55/67,Metronidazole,METRONIDAZOLE,DB00916,endometritis,TxGNN Knowledge Graph
1A 55/67,Metronidazole,METRONIDAZOLE,DB00916,subacute bacterial endocarditis,TxGNN Knowledge Graph
1A 55/67,Metronidazole,METRONIDAZOLE,DB00916,vaginitis (disease),TxGNN Knowledge Graph
1A 55/67,Metronidazole,METRONIDAZOLE,DB00916,vulvitis,TxGNN Knowledge Graph
1A 55/67,Metronidazole,METRONIDAZOLE,DB00916,trichomoniasis,TxGNN Knowledge Graph
1A 55/67,Metronidazole,METRONIDAZOLE,DB00916,arthropathy,TxGNN Knowledge Graph
1A 55/67,Metronidazole,METRONIDAZOLE,DB00916,bacterial arthritis,TxGNN Knowledge Graph
1A 55/67,Metronidazole,METRONIDAZOLE,DB00916,anaerobic bacteria infectious disease,TxGNN Knowledge Graph
1A 55/67,Metronidazole,METRONIDAZOLE,DB00916,intracranial abscess,TxGNN Knowledge Graph
1A 55/67,Metronidazole,METRONIDAZOLE,DB00916,giardiasis,TxGNN Knowledge Graph
1A 55/67,Metronidazole,METRONIDAZOLE,DB00916,rosacea,TxGNN Knowledge Graph
1A 55/67,Metronidazole,METRONIDAZOLE,DB00916,Peptostreptococcus infectious disease,TxGNN Knowledge Graph
1A 55/67,Metronidazole,METRONIDAZOLE,DB00916,endocarditis,TxGNN Knowledge Graph
1A 55/67,Metronidazole,METRONIDAZOLE,DB00916,peritonitis,TxGNN Knowledge Graph
1A 55/67,Metronidazole,METRONIDAZOLE,DB00916,amoebiasis due to Entamoeba histolytica,TxGNN Knowledge Graph
1A 55/67,Metronidazole,METRONIDAZOLE,DB00916,vulvovaginitis,TxGNN Knowledge Graph
1A 56/67,Ceftriaxone,CEFTRIAXONE,DB01212,viral meningitis,TxGNN Knowledge Graph
1A 56/67,Ceftriaxone,CEFTRIAXONE,DB01212,leptospirosis,TxGNN Knowledge Graph
1A 56/67,Ceftriaxone,CEFTRIAXONE,DB01212,staphylococcal pneumonia,TxGNN Knowledge Graph
1A 56/67,Ceftriaxone,CEFTRIAXONE,DB01212,necrotizing ulcerative gingivitis,TxGNN Knowledge Graph
1A 56/67,Ceftriaxone,CEFTRIAXONE,DB01212,meningococcal infection,TxGNN Knowledge Graph
1A 56/67,Ceftriaxone,CEFTRIAXONE,DB01212,pneumococcal meningitis,TxGNN Knowledge Graph
1A 56/67,Ceftriaxone,CEFTRIAXONE,DB01212,gonorrhea,TxGNN Knowledge Graph
1A 56/67,Ceftriaxone,CEFTRIAXONE,DB01212,Peptostreptococcus infectious disease,TxGNN Knowledge Graph
1A 56/67,Ceftriaxone,CEFTRIAXONE,DB01212,chancroid,TxGNN Knowledge Graph
1A 56/67,Ceftriaxone,CEFTRIAXONE,DB01212,endometritis,TxGNN Knowledge Graph
1A 56/67,Ceftriaxone,CEFTRIAXONE,DB01212,acute gonococcal cervicitis,TxGNN Knowledge Graph
1A 56/67,Ceftriaxone,CEFTRIAXONE,DB01212,streptococcal infection,TxGNN Knowledge Graph
1A 56/67,Ceftriaxone,CEFTRIAXONE,DB01212,Escherichia coli meningitis,TxGNN Knowledge Graph
1A 56/67,Ceftriaxone,CEFTRIAXONE,DB01212,rhinoscleroma,TxGNN Knowledge Graph
1A 56/67,Ceftriaxone,CEFTRIAXONE,DB01212,escherichia coli infection,TxGNN Knowledge Graph
1A 56/67,Ceftriaxone,CEFTRIAXONE,DB01212,invasive non-typhoidal salmonellosis,TxGNN Knowledge Graph
1A 56/67,Ceftriaxone,CEFTRIAXONE,DB01212,bacterial arthritis,TxGNN Knowledge Graph
1A 56/67,Ceftriaxone,CEFTRIAXONE,DB01212,streptococcal pneumonia,TxGNN Knowledge Graph
1A 56/67,Ceftriaxone,CEFTRIAXONE,DB01212,salmonellosis,TxGNN Knowledge Graph
1A 56/67,Ceftriaxone,CEFTRIAXONE,DB01212,bacterial pneumonia,TxGNN Knowledge Graph
1A 56/67,Ceftriaxone,CEFTRIAXONE,DB01212,arthropathy,TxGNN Knowledge Graph
1A 56/67,Ceftriaxone,CEFTRIAXONE,DB01212,yaws,TxGNN Knowledge Graph
1A 56/67,Ceftriaxone,CEFTRIAXONE,DB01212,streptococcal meningitis,TxGNN Knowledge Graph
1A 56/67,Ceftriaxone,CEFTRIAXONE,DB01212,acute gonococcal endometritis,TxGNN Knowledge Graph
1A 56/67,Ceftriaxone,CEFTRIAXONE,DB01212,gonococcal infection of joint,TxGNN Knowledge Graph
1A 56/67,Ceftriaxone,CEFTRIAXONE,DB01212,lymphogranuloma venereum,TxGNN Knowledge Graph
1A 57/67,Cephalexin,CEPHALEXIN,DB00567,staphylococcal infection,TxGNN Knowledge Graph
1A 57/67,Cephalexin,CEPHALEXIN,DB00567,prostatitis (disease),TxGNN Knowledge Graph
1A 57/67,Cephalexin,CEPHALEXIN,DB00567,infectious otitis media,TxGNN Knowledge Graph
1A 57/67,Cephalexin,CEPHALEXIN,DB00567,arthropathy,TxGNN Knowledge Graph
1A 57/67,Cephalexin,CEPHALEXIN,DB00567,streptococcal infection,TxGNN Knowledge Graph
1A 57/67,Cephalexin,CEPHALEXIN,DB00567,bacterial arthritis,TxGNN Knowledge Graph
1A 57/67,Cephalexin,CEPHALEXIN,DB00567,streptococcal pneumonia,TxGNN Knowledge Graph
1A 57/67,Cephalexin,CEPHALEXIN,DB00567,staphylococcus aureus infection,TxGNN Knowledge Graph
1A 58/67,Clindamycin,CLINDAMYCIN,DB01190,bacterial vaginosis,TxGNN Knowledge Graph
1A 58/67,Clindamycin,CLINDAMYCIN,DB01190,vaginitis (disease),TxGNN Knowledge Graph
1A 58/67,Clindamycin,CLINDAMYCIN,DB01190,vulvitis,TxGNN Knowledge Graph
1A 58/67,Clindamycin,CLINDAMYCIN,DB01190,staphylococcal infection,TxGNN Knowledge Graph
1A 58/67,Clindamycin,CLINDAMYCIN,DB01190,staphylococcal pneumonia,TxGNN Knowledge Graph
1A 58/67,Clindamycin,CLINDAMYCIN,DB01190,arthropathy,TxGNN Knowledge Graph
1A 58/67,Clindamycin,CLINDAMYCIN,DB01190,anaerobic bacteria infectious disease,TxGNN Knowledge Graph
1A 58/67,Clindamycin,CLINDAMYCIN,DB01190,streptococcal infection,TxGNN Knowledge Graph
1A 58/67,Clindamycin,CLINDAMYCIN,DB01190,aspiration pneumonia (disease),TxGNN Knowledge Graph
1A 58/67,Clindamycin,CLINDAMYCIN,DB01190,acne (disease),TxGNN Knowledge Graph
1A 58/67,Clindamycin,CLINDAMYCIN,DB01190,pneumonitis,TxGNN Knowledge Graph
1A 58/67,Clindamycin,CLINDAMYCIN,DB01190,bacterial arthritis,TxGNN Knowledge Graph
1A 58/67,Clindamycin,CLINDAMYCIN,DB01190,streptococcal pneumonia,TxGNN Knowledge Graph
1A 58/67,Clindamycin,CLINDAMYCIN,DB01190,staphylococcus aureus infection,TxGNN Knowledge Graph
1A 58/67,Clindamycin,CLINDAMYCIN,DB01190,vulvovaginitis,TxGNN Knowledge Graph
1A 58/67,Clindamycin,CLINDAMYCIN,DB01190,pleural empyema (disease),TxGNN Knowledge Graph
1A 60/67,Vancomycin,VANCOMYCIN,DB00512,subacute bacterial endocarditis,TxGNN Knowledge Graph
1A 60/67,Vancomycin,VANCOMYCIN,DB00512,staphylococcal infection,TxGNN Knowledge Graph
1A 60/67,Vancomycin,VANCOMYCIN,DB00512,perinatal necrotizing enterocolitis,TxGNN Knowledge Graph
1A 60/67,Vancomycin,VANCOMYCIN,DB00512,staphylococcal pneumonia,TxGNN Knowledge Graph
1A 60/67,Vancomycin,VANCOMYCIN,DB00512,Clostridium difficile colitis,TxGNN Knowledge Graph
1A 60/67,Vancomycin,VANCOMYCIN,DB00512,arthropathy,TxGNN Knowledge Graph
1A 60/67,Vancomycin,VANCOMYCIN,DB00512,bacterial arthritis,TxGNN Knowledge Graph
1A 60/67,Vancomycin,VANCOMYCIN,DB00512,endocarditis,TxGNN Knowledge Graph
1A 60/67,Vancomycin,VANCOMYCIN,DB00512,staphylococcus aureus infection,TxGNN Knowledge Graph
1A 61/67,Salbutamol,SALBUTAMOL,DB01001,bronchial disease,TxGNN Knowledge Graph
1A 62/67,Budesonide,BUDESONIDE,DB01222,inflammatory bowel disease,TxGNN Knowledge Graph
1A 62/67,Budesonide,BUDESONIDE,DB01222,Crohn's colitis,TxGNN Knowledge Graph
1A 62/67,Budesonide,BUDESONIDE,DB01222,allergic rhinitis,TxGNN Knowledge Graph
1A 62/67,Budesonide,BUDESONIDE,DB01222,Crohn disease,TxGNN Knowledge Graph
1A 62/67,Budesonide,BUDESONIDE,DB01222,vasomotor rhinitis,TxGNN Knowledge Graph
1A 64/67,Montelukast,MONTELUKAST,DB00471,allergic rhinitis,TxGNN Knowledge Graph
1A 64/67,Montelukast,MONTELUKAST,DB00471,vasomotor rhinitis,TxGNN Knowledge Graph
1A 65/67,Theophylline,THEOPHYLLINE,DB00277,lung disease,TxGNN Knowledge Graph
1A 65/67,Theophylline,THEOPHYLLINE,DB00277,bronchitis,TxGNN Knowledge Graph
1A 65/67,Theophylline,THEOPHYLLINE,DB00277,obsolete rare pulmonary disease,TxGNN Knowledge Graph
1A 65/67,Theophylline,THEOPHYLLINE,DB00277,pulmonary emphysema,TxGNN Knowledge Graph
1A 65/67,Theophylline,THEOPHYLLINE,DB00277,bronchial disease,TxGNN Knowledge Graph
1A 66/67,Cetirizine,CETIRIZINE,DB00341,vernal conjunctivitis,TxGNN Knowledge Graph
1A 66/67,Cetirizine,CETIRIZINE,DB00341,common cold,TxGNN Knowledge Graph
1A 66/67,Cetirizine,CETIRIZINE,DB00341,nasopharyngitis,TxGNN Knowledge Graph
1A 66/67,Cetirizine,CETIRIZINE,DB00341,pharyngitis,TxGNN Knowledge Graph
1A 66/67,Cetirizine,CETIRIZINE,DB00341,allergic rhinitis,TxGNN Knowledge Graph
1A 66/67,Cetirizine,CETIRIZINE,DB00341,papillary conjunctivitis,TxGNN Knowledge Graph
1A 66/67,Cetirizine,CETIRIZINE,DB00341,vasomotor rhinitis,TxGNN Knowledge Graph
1A 66/67,Cetirizine,CETIRIZINE,DB00341,atopic conjunctivitis,TxGNN Knowledge Graph
1A 67/67,Loratadine,LORATADINE,DB00455,vernal conjunctivitis,TxGNN Knowledge Graph
1A 67/67,Loratadine,LORATADINE,DB00455,common cold,TxGNN Knowledge Graph
1A 67/67,Loratadine,LORATADINE,DB00455,nasopharyngitis,TxGNN Knowledge Graph
1A 67/67,Loratadine,LORATADINE,DB00455,pharyngitis,TxGNN Knowledge Graph
1A 67/67,Loratadine,LORATADINE,DB00455,allergic rhinitis,TxGNN Knowledge Graph
1A 67/67,Loratadine,LORATADINE,DB00455,papillary conjunctivitis,TxGNN Knowledge Graph
1A 67/67,Loratadine,LORATADINE,DB00455,vasomotor rhinitis,TxGNN Knowledge Graph
1A 67/67,Loratadine,LORATADINE,DB00455,atopic conjunctivitis,TxGNN Knowledge Graph
1A 68/67,Chlorpheniramine,CHLORPHENIRAMINE,DB01114,vernal conjunctivitis,TxGNN Knowledge Graph
1A 68/67,Chlorpheniramine,CHLORPHENIRAMINE,DB01114,familial dermatographia,TxGNN Knowledge Graph
1A 68/67,Chlorpheniramine,CHLORPHENIRAMINE,DB01114,common cold,TxGNN Knowledge Graph
1A 68/67,Chlorpheniramine,CHLORPHENIRAMINE,DB01114,nasopharyngitis,TxGNN Knowledge Graph
1A 68/67,Chlorpheniramine,CHLORPHENIRAMINE,DB01114,angioedema,TxGNN Knowledge Graph
1A 68/67,Chlorpheniramine,CHLORPHENIRAMINE,DB01114,pharyngitis,TxGNN Knowledge Graph
1A 68/67,Chlorpheniramine,CHLORPHENIRAMINE,DB01114,allergic rhinitis,TxGNN Knowledge Graph
1A 68/67,Chlorpheniramine,CHLORPHENIRAMINE,DB01114,papillary conjunctivitis,TxGNN Knowledge Graph
1A 68/67,Chlorpheniramine,CHLORPHENIRAMINE,DB01114,vasomotor rhinitis,TxGNN Knowledge Graph
1A 68/67,Chlorpheniramine,CHLORPHENIRAMINE,DB01114,atopic conjunctivitis,TxGNN Knowledge Graph
1A 69/67,Diphenhydramine,DIPHENHYDRAMINE,DB01075,vernal conjunctivitis,TxGNN Knowledge Graph
1A 69/67,Diphenhydramine,DIPHENHYDRAMINE,DB01075,insomnia (disease),TxGNN Knowledge Graph
1A 69/67,Diphenhydramine,DIPHENHYDRAMINE,DB01075,allergic rhinitis,TxGNN Knowledge Graph
1A 69/67,Diphenhydramine,DIPHENHYDRAMINE,DB01075,papillary conjunctivitis,TxGNN Knowledge Graph
1A 69/67,Diphenhydramine,DIPHENHYDRAMINE,DB01075,vasomotor rhinitis,TxGNN Knowledge Graph
1A 69/67,Diphenhydramine,DIPHENHYDRAMINE,DB01075,atopic conjunctivitis,TxGNN Knowledge Graph
1A 70/67,Prednisolone,PREDNISOLONE,DB00860,pemphigus,TxGNN Knowledge Graph
1A 70/67,Prednisolone,PREDNISOLONE,DB00860,vernal conjunctivitis,TxGNN Knowledge Graph
1A 70/67,Prednisolone,PREDNISOLONE,DB00860,acute lymphoblastic/lymphocytic leukemia,TxGNN Knowledge Graph
1A 70/67,Prednisolone,PREDNISOLONE,DB00860,extrinsic allergic alveolitis,TxGNN Knowledge Graph
1A 70/67,Prednisolone,PREDNISOLONE,DB00860,tendinitis,TxGNN Knowledge Graph
1A 70/67,Prednisolone,PREDNISOLONE,DB00860,dacryocystitis,TxGNN Knowledge Graph
1A 70/67,Prednisolone,PREDNISOLONE,DB00860,parapsoriasis,TxGNN Knowledge Graph
1A 70/67,Prednisolone,PREDNISOLONE,DB00860,chronic beryllium disease,TxGNN Knowledge Graph
1A 70/67,Prednisolone,PREDNISOLONE,DB00860,"dermatitis, atopic",TxGNN Knowledge Graph
1A 70/67,Prednisolone,PREDNISOLONE,DB00860,periarthritis,TxGNN Knowledge Graph
1A 70/67,Prednisolone,PREDNISOLONE,DB00860,juvenile arthritis due to defect in LACC1,TxGNN Knowledge Graph
1A 70/67,Prednisolone,PREDNISOLONE,DB00860,rosacea,TxGNN Knowledge Graph
1A 70/67,Prednisolone,PREDNISOLONE,DB00860,autoimmune hemolytic anemia,TxGNN Knowledge Graph
1A 70/67,Prednisolone,PREDNISOLONE,DB00860,discoid lupus erythematosus,TxGNN Knowledge Graph
1A 70/67,Prednisolone,PREDNISOLONE,DB00860,autoimmune thrombocytopenic,TxGNN Knowledge Graph
1A 70/67,Prednisolone,PREDNISOLONE,DB00860,Hodgkins lymphoma,TxGNN Knowledge Graph
1A 70/67,Prednisolone,PREDNISOLONE,DB00860,mycosis fungoides and variants,TxGNN Knowledge Graph
1A 70/67,Prednisolone,PREDNISOLONE,DB00860,adrenogenital syndrome,TxGNN Knowledge Graph
1A 70/67,Prednisolone,PREDNISOLONE,DB00860,synovitis (disease),TxGNN Knowledge Graph
1A 70/67,Prednisolone,PREDNISOLONE,DB00860,eye disease,TxGNN Knowledge Graph
1A 70/67,Prednisolone,PREDNISOLONE,DB00860,inherited aplastic anemia,TxGNN Knowledge Graph
1A 70/67,Prednisolone,PREDNISOLONE,DB00860,B-cell neoplasm,TxGNN Knowledge Graph
1A 70/67,Prednisolone,PREDNISOLONE,DB00860,acquired angioedema,TxGNN Knowledge Graph
1A 70/67,Prednisolone,PREDNISOLONE,DB00860,chondrocalcinosis,TxGNN Knowledge Graph
1A 70/67,Prednisolone,PREDNISOLONE,DB00860,actinic keratosis (disease),TxGNN Knowledge Graph
1A 70/67,Prednisolone,PREDNISOLONE,DB00860,exfoliative dermatitis,TxGNN Knowledge Graph
1A 70/67,Prednisolone,PREDNISOLONE,DB00860,chronic cutaneous lupus erythematosus,TxGNN Knowledge Graph
1A 70/67,Prednisolone,PREDNISOLONE,DB00860,Sjogren syndrome,TxGNN Knowledge Graph
1A 70/67,Prednisolone,PREDNISOLONE,DB00860,keratitis,TxGNN Knowledge Graph
1A 70/67,Prednisolone,PREDNISOLONE,DB00860,pulmonary eosinophilia,TxGNN Knowledge Graph
1A 70/67,Prednisolone,PREDNISOLONE,DB00860,pneumonitis,TxGNN Knowledge Graph
1A 70/67,Prednisolone,PREDNISOLONE,DB00860,spondyloarthropathy,TxGNN Knowledge Graph
1A 70/67,Prednisolone,PREDNISOLONE,DB00860,corneal ulcer,TxGNN Knowledge Graph
1A 70/67,Prednisolone,PREDNISOLONE,DB00860,sympathetic ophthalmia,TxGNN Knowledge Graph
1A 70/67,Prednisolone,PREDNISOLONE,DB00860,juvenile idiopathic arthritis,TxGNN Knowledge Graph
1A 70/67,Prednisolone,PREDNISOLONE,DB00860,obsolete Hodgkin's granuloma,TxGNN Knowledge Graph
1A 70/67,Prednisolone,PREDNISOLONE,DB00860,humoral hypercalcemia of malignancy,TxGNN Knowledge Graph
1A 70/67,Prednisolone,PREDNISOLONE,DB00860,renin-angiotensin-aldosterone system-blocker-induced angioedema,TxGNN Knowledge Graph
1A 70/67,Prednisolone,PREDNISOLONE,DB00860,neurodermatitis,TxGNN Knowledge Graph
1A 70/67,Prednisolone,PREDNISOLONE,DB00860,systemic lupus erythematosus (disease),TxGNN Knowledge Graph
1A 70/67,Prednisolone,PREDNISOLONE,DB00860,seborrheic keratosis,TxGNN Knowledge Graph
1A 70/67,Prednisolone,PREDNISOLONE,DB00860,congenital adrenal hyperplasia,TxGNN Knowledge Graph
1A 70/67,Prednisolone,PREDNISOLONE,DB00860,contact dermatitis,TxGNN Knowledge Graph
1A 70/67,Prednisolone,PREDNISOLONE,DB00860,primary cutaneous T-cell non-Hodgkin lymphoma,TxGNN Knowledge Graph
1A 70/67,Prednisolone,PREDNISOLONE,DB00860,ulcerative colitis (disease),TxGNN Knowledge Graph
1A 70/67,Prednisolone,PREDNISOLONE,DB00860,folliculotropic mycosis fungoides,TxGNN Knowledge Graph
1A 70/67,Prednisolone,PREDNISOLONE,DB00860,seborrheic dermatitis,TxGNN Knowledge Graph
1A 70/67,Prednisolone,PREDNISOLONE,DB00860,intrinsic asthma,TxGNN Knowledge Graph
1A 70/67,Prednisolone,PREDNISOLONE,DB00860,acquired thrombocytopenia,TxGNN Knowledge Graph
1A 70/67,Prednisolone,PREDNISOLONE,DB00860,musculoskeletal system disease,TxGNN Knowledge Graph
1A 70/67,Prednisolone,PREDNISOLONE,DB00860,granuloma annulare,TxGNN Knowledge Graph
1A 70/67,Prednisolone,PREDNISOLONE,DB00860,pulmonary fibrosis,TxGNN Knowledge Graph
1A 70/67,Prednisolone,PREDNISOLONE,DB00860,Crohn disease,TxGNN Knowledge Graph
1A 70/67,Prednisolone,PREDNISOLONE,DB00860,adrenal insufficiency,TxGNN Knowledge Graph
1A 70/67,Prednisolone,PREDNISOLONE,DB00860,iris disease,TxGNN Knowledge Graph
1A 70/67,Prednisolone,PREDNISOLONE,DB00860,angioedema,TxGNN Knowledge Graph
1A 70/67,Prednisolone,PREDNISOLONE,DB00860,pediatric systemic lupus erythematosus,TxGNN Knowledge Graph
1A 70/67,Prednisolone,PREDNISOLONE,DB00860,aspiration pneumonia (disease),TxGNN Knowledge Graph
1A 70/67,Prednisolone,PREDNISOLONE,DB00860,neoplasm of mature B-cells,TxGNN Knowledge Graph
1A 70/67,Prednisolone,PREDNISOLONE,DB00860,bursitis,TxGNN Knowledge Graph
1A 70/67,Prednisolone,PREDNISOLONE,DB00860,mantle cell lymphoma,TxGNN Knowledge Graph
1A 70/67,Prednisolone,PREDNISOLONE,DB00860,farmer's lung disease,TxGNN Knowledge Graph
1A 70/67,Prednisolone,PREDNISOLONE,DB00860,blepharoconjunctivitis,TxGNN Knowledge Graph
1A 70/67,Prednisolone,PREDNISOLONE,DB00860,miliary tuberculosis,TxGNN Knowledge Graph
1A 70/67,Prednisolone,PREDNISOLONE,DB00860,familial glucocorticoid deficiency,TxGNN Knowledge Graph
1A 70/67,Prednisolone,PREDNISOLONE,DB00860,dermatitis herpetiformis,TxGNN Knowledge Graph
1A 70/67,Prednisolone,PREDNISOLONE,DB00860,lichen disease,TxGNN Knowledge Graph
1A 70/67,Prednisolone,PREDNISOLONE,DB00860,skin disease,TxGNN Knowledge Graph
1A 70/67,Prednisolone,PREDNISOLONE,DB00860,atopic eczema,TxGNN Knowledge Graph
1A 70/67,Prednisolone,PREDNISOLONE,DB00860,lymphoma,TxGNN Knowledge Graph
1A 70/67,Prednisolone,PREDNISOLONE,DB00860,fetal erythroblastosis,TxGNN Knowledge Graph
1A 70/67,Prednisolone,PREDNISOLONE,DB00860,dry eye syndrome,TxGNN Knowledge Graph
1A 70/67,Prednisolone,PREDNISOLONE,DB00860,pneumocystosis,TxGNN Knowledge Graph
1A 70/67,Prednisolone,PREDNISOLONE,DB00860,multiple sclerosis,TxGNN Knowledge Graph
1A 70/67,Prednisolone,PREDNISOLONE,DB00860,sarcoidosis,TxGNN Knowledge Graph
1A 70/67,Prednisolone,PREDNISOLONE,DB00860,autoimmune disease,TxGNN Knowledge Graph
1A 70/67,Prednisolone,PREDNISOLONE,DB00860,idiopathic uveitis,TxGNN Knowledge Graph
1A 70/67,Prednisolone,PREDNISOLONE,DB00860,lupus erythematosus,TxGNN Knowledge Graph
1A 70/67,Prednisolone,PREDNISOLONE,DB00860,heparin-induced thrombocytopenia (disease),TxGNN Knowledge Graph
1A 70/67,Prednisolone,PREDNISOLONE,DB00860,"classic Hodgkin lymphoma, lymphocyte-rich type",TxGNN Knowledge Graph
1A 70/67,Prednisolone,PREDNISOLONE,DB00860,Crohn's colitis,TxGNN Knowledge Graph
1A 70/67,Prednisolone,PREDNISOLONE,DB00860,iridocyclitis (disease),TxGNN Knowledge Graph
1A 70/67,Prednisolone,PREDNISOLONE,DB00860,allergic bronchopulmonary aspergillosis,TxGNN Knowledge Graph
1A 70/67,Prednisolone,PREDNISOLONE,DB00860,postinflammatory pulmonary fibrosis,TxGNN Knowledge Graph
1A 70/67,Prednisolone,PREDNISOLONE,DB00860,nephrotic syndrome,TxGNN Knowledge Graph
1A 70/67,Prednisolone,PREDNISOLONE,DB00860,"lymphoma, non-Hodgkin, familial",TxGNN Knowledge Graph
1A 70/67,Prednisolone,PREDNISOLONE,DB00860,follicular lymphoma,TxGNN Knowledge Graph
1A 70/67,Prednisolone,PREDNISOLONE,DB00860,Hodgkin's paragranuloma,TxGNN Knowledge Graph
1A 70/67,Prednisolone,PREDNISOLONE,DB00860,ciliary body disease,TxGNN Knowledge Graph
1A 70/67,Prednisolone,PREDNISOLONE,DB00860,rheumatic heart disease,TxGNN Knowledge Graph
1A 70/67,Prednisolone,PREDNISOLONE,DB00860,hypersensitivity pneumonitis,TxGNN Knowledge Graph
1A 70/67,Prednisolone,PREDNISOLONE,DB00860,exostosis,TxGNN Knowledge Graph
1A 70/67,Prednisolone,PREDNISOLONE,DB00860,familial adrenal hypoplasia with absent pituitary luteinizing hormone,TxGNN Knowledge Graph
1A 70/67,Prednisolone,PREDNISOLONE,DB00860,localized pagetoid reticulosis,TxGNN Knowledge Graph
1A 70/67,Prednisolone,PREDNISOLONE,DB00860,temporal arteritis,TxGNN Knowledge Graph
1A 70/67,Prednisolone,PREDNISOLONE,DB00860,exanthem (disease),TxGNN Knowledge Graph
1A 70/67,Prednisolone,PREDNISOLONE,DB00860,"leukemia, lymphocytic, susceptibility to",TxGNN Knowledge Graph
1A 70/67,Prednisolone,PREDNISOLONE,DB00860,serum sickness,TxGNN Knowledge Graph
1A 70/67,Prednisolone,PREDNISOLONE,DB00860,inflammatory bowel disease,TxGNN Knowledge Graph
1A 70/67,Prednisolone,PREDNISOLONE,DB00860,ankylosing spondylitis,TxGNN Knowledge Graph
1A 70/67,Prednisolone,PREDNISOLONE,DB00860,disease of orbital region,TxGNN Knowledge Graph
1A 70/67,Prednisolone,PREDNISOLONE,DB00860,granulomatous slack skin disease,TxGNN Knowledge Graph
1A 70/67,Prednisolone,PREDNISOLONE,DB00860,psoriatic arthritis,TxGNN Knowledge Graph
1A 70/67,Prednisolone,PREDNISOLONE,DB00860,allergic asthma,TxGNN Knowledge Graph
1A 70/67,Prednisolone,PREDNISOLONE,DB00860,X-linked adrenal hypoplasia congenita,TxGNN Knowledge Graph
1A 70/67,Prednisolone,PREDNISOLONE,DB00860,inherited isolated adrenal insufficiency due to partial CYP11A1 deficiency,TxGNN Knowledge Graph
1A 70/67,Prednisolone,PREDNISOLONE,DB00860,lymphosarcoma,TxGNN Knowledge Graph
1A 70/67,Prednisolone,PREDNISOLONE,DB00860,non-Hodgkin lymphoma,TxGNN Knowledge Graph
1A 70/67,Prednisolone,PREDNISOLONE,DB00860,Diamond-Blackfan anemia,TxGNN Knowledge Graph
1A 70/67,Prednisolone,PREDNISOLONE,DB00860,infectious anterior uveitis,TxGNN Knowledge Graph
1A 70/67,Prednisolone,PREDNISOLONE,DB00860,primary cutaneous T-cell lymphoma,TxGNN Knowledge Graph
1A 70/67,Prednisolone,PREDNISOLONE,DB00860,erythema multiforme,TxGNN Knowledge Graph
1A 70/67,Prednisolone,PREDNISOLONE,DB00860,iritis (disease),TxGNN Knowledge Graph
1A 70/67,Prednisolone,PREDNISOLONE,DB00860,familial nephrotic syndrome,TxGNN Knowledge Graph
1A 70/67,Prednisolone,PREDNISOLONE,DB00860,atopic conjunctivitis,TxGNN Knowledge Graph
1A 70/67,Prednisolone,PREDNISOLONE,DB00860,asthma,TxGNN Knowledge Graph
1A 70/67,Prednisolone,PREDNISOLONE,DB00860,uveitis,TxGNN Knowledge Graph
1A 70/67,Prednisolone,PREDNISOLONE,DB00860,"spondyloarthropathy, susceptibility to",TxGNN Knowledge Graph
1A 70/67,Prednisolone,PREDNISOLONE,DB00860,acute lymphoblastic leukemia (disease),TxGNN Knowledge Graph
1A 70/67,Prednisolone,PREDNISOLONE,DB00860,brain edema,TxGNN Knowledge Graph
1A 70/67,Prednisolone,PREDNISOLONE,DB00860,acute contagious conjunctivitis,TxGNN Knowledge Graph
1A 70/67,Prednisolone,PREDNISOLONE,DB00860,epicondylitis,TxGNN Knowledge Graph
1A 70/67,Prednisolone,PREDNISOLONE,DB00860,gout,TxGNN Knowledge Graph
1A 70/67,Prednisolone,PREDNISOLONE,DB00860,adrenocortical insufficiency,TxGNN Knowledge Graph
1A 70/67,Prednisolone,PREDNISOLONE,DB00860,eosinophilic pneumonia,TxGNN Knowledge Graph
1A 70/67,Prednisolone,PREDNISOLONE,DB00860,conjunctivitis,TxGNN Knowledge Graph
1A 70/67,Prednisolone,PREDNISOLONE,DB00860,precursor T-cell acute lymphoblastic leukemia,TxGNN Knowledge Graph
1A 70/67,Prednisolone,PREDNISOLONE,DB00860,psoriasis,TxGNN Knowledge Graph
1A 70/67,Prednisolone,PREDNISOLONE,DB00860,keratoconjunctivitis,TxGNN Knowledge Graph
1A 70/67,Prednisolone,PREDNISOLONE,DB00860,non-histaminic angioedema,TxGNN Knowledge Graph
1A 70/67,Prednisolone,PREDNISOLONE,DB00860,Langerhans cell histiocytosis,TxGNN Knowledge Graph
1A 70/67,Prednisolone,PREDNISOLONE,DB00860,hereditary angioedema,TxGNN Knowledge Graph
1A 70/67,Prednisolone,PREDNISOLONE,DB00860,Stevens-Johnson syndrome,TxGNN Knowledge Graph
1A 70/67,Prednisolone,PREDNISOLONE,DB00860,polymyalgia rheumatica,TxGNN Knowledge Graph
1A 70/67,Prednisolone,PREDNISOLONE,DB00860,papillary conjunctivitis,TxGNN Knowledge Graph
1A 70/67,Prednisolone,PREDNISOLONE,DB00860,vasomotor rhinitis,TxGNN Knowledge Graph
1A 70/67,Prednisolone,PREDNISOLONE,DB00860,chronic primary adrenal insufficiency,TxGNN Knowledge Graph
1A 70/67,Prednisolone,PREDNISOLONE,DB00860,occupational dermatitis,TxGNN Knowledge Graph
1A 70/67,Prednisolone,PREDNISOLONE,DB00860,tenosynovitis,TxGNN Knowledge Graph
1A 70/67,Prednisolone,PREDNISOLONE,DB00860,thyroiditis (disease),TxGNN Knowledge Graph
1A 70/67,Prednisolone,PREDNISOLONE,DB00860,Addison disease,TxGNN Knowledge Graph
1A 70/67,Prednisolone,PREDNISOLONE,DB00860,panuveitis (disease),TxGNN Knowledge Graph
1A 70/67,Prednisolone,PREDNISOLONE,DB00860,classic Hodgkin lymphoma,TxGNN Knowledge Graph
1A 70/67,Prednisolone,PREDNISOLONE,DB00860,lipoid nephrosis,TxGNN Knowledge Graph
1A 70/67,Prednisolone,PREDNISOLONE,DB00860,rheumatoid arthritis,TxGNN Knowledge Graph
1A 70/67,Prednisolone,PREDNISOLONE,DB00860,allergic rhinitis,TxGNN Knowledge Graph
1A 71/67,Dexamethasone,DEXAMETHASONE,DB01234,pemphigus,TxGNN Knowledge Graph
1A 71/67,Dexamethasone,DEXAMETHASONE,DB01234,vernal conjunctivitis,TxGNN Knowledge Graph
1A 71/67,Dexamethasone,DEXAMETHASONE,DB01234,acute lymphoblastic/lymphocytic leukemia,TxGNN Knowledge Graph
1A 71/67,Dexamethasone,DEXAMETHASONE,DB01234,intravascular large B-cell lymphoma,TxGNN Knowledge Graph
1A 71/67,Dexamethasone,DEXAMETHASONE,DB01234,parapsoriasis,TxGNN Knowledge Graph
1A 71/67,Dexamethasone,DEXAMETHASONE,DB01234,enterobiasis,TxGNN Knowledge Graph
1A 71/67,Dexamethasone,DEXAMETHASONE,DB01234,chronic beryllium disease,TxGNN Knowledge Graph
1A 71/67,Dexamethasone,DEXAMETHASONE,DB01234,"dermatitis, atopic",TxGNN Knowledge Graph
1A 71/67,Dexamethasone,DEXAMETHASONE,DB01234,rosacea,TxGNN Knowledge Graph
1A 71/67,Dexamethasone,DEXAMETHASONE,DB01234,autoimmune hemolytic anemia,TxGNN Knowledge Graph
1A 71/67,Dexamethasone,DEXAMETHASONE,DB01234,discoid lupus erythematosus,TxGNN Knowledge Graph
1A 71/67,Dexamethasone,DEXAMETHASONE,DB01234,autoimmune thrombocytopenic,TxGNN Knowledge Graph
1A 71/67,Dexamethasone,DEXAMETHASONE,DB01234,Hodgkins lymphoma,TxGNN Knowledge Graph
1A 71/67,Dexamethasone,DEXAMETHASONE,DB01234,mycosis fungoides and variants,TxGNN Knowledge Graph
1A 71/67,Dexamethasone,DEXAMETHASONE,DB01234,adrenogenital syndrome,TxGNN Knowledge Graph
1A 71/67,Dexamethasone,DEXAMETHASONE,DB01234,synovitis (disease),TxGNN Knowledge Graph
1A 71/67,Dexamethasone,DEXAMETHASONE,DB01234,eye disease,TxGNN Knowledge Graph
1A 71/67,Dexamethasone,DEXAMETHASONE,DB01234,diffuse large B-cell lymphoma of the central nervous system,TxGNN Knowledge Graph
1A 71/67,Dexamethasone,DEXAMETHASONE,DB01234,T-cell/histiocyte rich large B cell lymphoma,TxGNN Knowledge Graph
1A 71/67,Dexamethasone,DEXAMETHASONE,DB01234,inherited aplastic anemia,TxGNN Knowledge Graph
1A 71/67,Dexamethasone,DEXAMETHASONE,DB01234,malignant otitis externa caused by Pseudomonas aeruginosa,TxGNN Knowledge Graph
1A 71/67,Dexamethasone,DEXAMETHASONE,DB01234,B-cell neoplasm,TxGNN Knowledge Graph
1A 71/67,Dexamethasone,DEXAMETHASONE,DB01234,acquired angioedema,TxGNN Knowledge Graph
1A 71/67,Dexamethasone,DEXAMETHASONE,DB01234,chondrocalcinosis,TxGNN Knowledge Graph
1A 71/67,Dexamethasone,DEXAMETHASONE,DB01234,actinic keratosis (disease),TxGNN Knowledge Graph
1A 71/67,Dexamethasone,DEXAMETHASONE,DB01234,exfoliative dermatitis,TxGNN Knowledge Graph
1A 71/67,Dexamethasone,DEXAMETHASONE,DB01234,chronic cutaneous lupus erythematosus,TxGNN Knowledge Graph
1A 71/67,Dexamethasone,DEXAMETHASONE,DB01234,keratitis,TxGNN Knowledge Graph
1A 71/67,Dexamethasone,DEXAMETHASONE,DB01234,pulmonary eosinophilia,TxGNN Knowledge Graph
1A 71/67,Dexamethasone,DEXAMETHASONE,DB01234,corneal ulcer,TxGNN Knowledge Graph
1A 71/67,Dexamethasone,DEXAMETHASONE,DB01234,obsolete Hodgkin's granuloma,TxGNN Knowledge Graph
1A 71/67,Dexamethasone,DEXAMETHASONE,DB01234,humoral hypercalcemia of malignancy,TxGNN Knowledge Graph
1A 71/67,Dexamethasone,DEXAMETHASONE,DB01234,renin-angiotensin-aldosterone system-blocker-induced angioedema,TxGNN Knowledge Graph
1A 71/67,Dexamethasone,DEXAMETHASONE,DB01234,neurodermatitis,TxGNN Knowledge Graph
1A 71/67,Dexamethasone,DEXAMETHASONE,DB01234,systemic lupus erythematosus (disease),TxGNN Knowledge Graph
1A 71/67,Dexamethasone,DEXAMETHASONE,DB01234,punctate epithelial keratoconjunctivitis,TxGNN Knowledge Graph
1A 71/67,Dexamethasone,DEXAMETHASONE,DB01234,seborrheic keratosis,TxGNN Knowledge Graph
1A 71/67,Dexamethasone,DEXAMETHASONE,DB01234,congenital adrenal hyperplasia,TxGNN Knowledge Graph
1A 71/67,Dexamethasone,DEXAMETHASONE,DB01234,Trichinella spiralis infectious disease,TxGNN Knowledge Graph
1A 71/67,Dexamethasone,DEXAMETHASONE,DB01234,external ear disease,TxGNN Knowledge Graph
1A 71/67,Dexamethasone,DEXAMETHASONE,DB01234,contact dermatitis,TxGNN Knowledge Graph
1A 71/67,Dexamethasone,DEXAMETHASONE,DB01234,primary cutaneous T-cell non-Hodgkin lymphoma,TxGNN Knowledge Graph
1A 71/67,Dexamethasone,DEXAMETHASONE,DB01234,folliculotropic mycosis fungoides,TxGNN Knowledge Graph
1A 71/67,Dexamethasone,DEXAMETHASONE,DB01234,seborrheic dermatitis,TxGNN Knowledge Graph
1A 71/67,Dexamethasone,DEXAMETHASONE,DB01234,intrinsic asthma,TxGNN Knowledge Graph
1A 71/67,Dexamethasone,DEXAMETHASONE,DB01234,Trichinellosis,TxGNN Knowledge Graph
1A 71/67,Dexamethasone,DEXAMETHASONE,DB01234,keloid formation,TxGNN Knowledge Graph
1A 71/67,Dexamethasone,DEXAMETHASONE,DB01234,acquired thrombocytopenia,TxGNN Knowledge Graph
1A 71/67,Dexamethasone,DEXAMETHASONE,DB01234,musculoskeletal system disease,TxGNN Knowledge Graph
1A 71/67,Dexamethasone,DEXAMETHASONE,DB01234,granuloma annulare,TxGNN Knowledge Graph
1A 71/67,Dexamethasone,DEXAMETHASONE,DB01234,Crohn disease,TxGNN Knowledge Graph
1A 71/67,Dexamethasone,DEXAMETHASONE,DB01234,adrenal insufficiency,TxGNN Knowledge Graph
1A 71/67,Dexamethasone,DEXAMETHASONE,DB01234,iris disease,TxGNN Knowledge Graph
1A 71/67,Dexamethasone,DEXAMETHASONE,DB01234,angioedema,TxGNN Knowledge Graph
1A 71/67,Dexamethasone,DEXAMETHASONE,DB01234,pediatric systemic lupus erythematosus,TxGNN Knowledge Graph
1A 71/67,Dexamethasone,DEXAMETHASONE,DB01234,neoplasm of mature B-cells,TxGNN Knowledge Graph
1A 71/67,Dexamethasone,DEXAMETHASONE,DB01234,bursitis,TxGNN Knowledge Graph
1A 71/67,Dexamethasone,DEXAMETHASONE,DB01234,mantle cell lymphoma,TxGNN Knowledge Graph
1A 71/67,Dexamethasone,DEXAMETHASONE,DB01234,blepharoconjunctivitis,TxGNN Knowledge Graph
1A 71/67,Dexamethasone,DEXAMETHASONE,DB01234,miliary tuberculosis,TxGNN Knowledge Graph
1A 71/67,Dexamethasone,DEXAMETHASONE,DB01234,otitis externa,TxGNN Knowledge Graph
1A 71/67,Dexamethasone,DEXAMETHASONE,DB01234,familial glucocorticoid deficiency,TxGNN Knowledge Graph
1A 71/67,Dexamethasone,DEXAMETHASONE,DB01234,dermatitis herpetiformis,TxGNN Knowledge Graph
1A 71/67,Dexamethasone,DEXAMETHASONE,DB01234,lichen disease,TxGNN Knowledge Graph
1A 71/67,Dexamethasone,DEXAMETHASONE,DB01234,skin disease,TxGNN Knowledge Graph
1A 71/67,Dexamethasone,DEXAMETHASONE,DB01234,atopic eczema,TxGNN Knowledge Graph
1A 71/67,Dexamethasone,DEXAMETHASONE,DB01234,lymphoma,TxGNN Knowledge Graph
1A 71/67,Dexamethasone,DEXAMETHASONE,DB01234,fetal erythroblastosis,TxGNN Knowledge Graph
1A 71/67,Dexamethasone,DEXAMETHASONE,DB01234,multiple sclerosis,TxGNN Knowledge Graph
1A 71/67,Dexamethasone,DEXAMETHASONE,DB01234,sarcoidosis,TxGNN Knowledge Graph
1A 71/67,Dexamethasone,DEXAMETHASONE,DB01234,idiopathic uveitis,TxGNN Knowledge Graph
1A 71/67,Dexamethasone,DEXAMETHASONE,DB01234,lupus erythematosus,TxGNN Knowledge Graph
1A 71/67,Dexamethasone,DEXAMETHASONE,DB01234,heparin-induced thrombocytopenia (disease),TxGNN Knowledge Graph
1A 71/67,Dexamethasone,DEXAMETHASONE,DB01234,"classic Hodgkin lymphoma, lymphocyte-rich type",TxGNN Knowledge Graph
1A 71/67,Dexamethasone,DEXAMETHASONE,DB01234,Crohn's colitis,TxGNN Knowledge Graph
1A 71/67,Dexamethasone,DEXAMETHASONE,DB01234,iridocyclitis (disease),TxGNN Knowledge Graph
1A 71/67,Dexamethasone,DEXAMETHASONE,DB01234,Epstein-Barr virus-positive diffuse large B-cell lymphoma of the elderly,TxGNN Knowledge Graph
1A 71/67,Dexamethasone,DEXAMETHASONE,DB01234,nephrotic syndrome,TxGNN Knowledge Graph
1A 71/67,Dexamethasone,DEXAMETHASONE,DB01234,"lymphoma, non-Hodgkin, familial",TxGNN Knowledge Graph
1A 71/67,Dexamethasone,DEXAMETHASONE,DB01234,follicular lymphoma,TxGNN Knowledge Graph
1A 71/67,Dexamethasone,DEXAMETHASONE,DB01234,Hodgkin's paragranuloma,TxGNN Knowledge Graph
1A 71/67,Dexamethasone,DEXAMETHASONE,DB01234,ciliary body disease,TxGNN Knowledge Graph
1A 71/67,Dexamethasone,DEXAMETHASONE,DB01234,rheumatic heart disease,TxGNN Knowledge Graph
1A 71/67,Dexamethasone,DEXAMETHASONE,DB01234,plasma cell myeloma,TxGNN Knowledge Graph
1A 71/67,Dexamethasone,DEXAMETHASONE,DB01234,Burkitt lymphoma,TxGNN Knowledge Graph
1A 71/67,Dexamethasone,DEXAMETHASONE,DB01234,familial adrenal hypoplasia with absent pituitary luteinizing hormone,TxGNN Knowledge Graph
1A 71/67,Dexamethasone,DEXAMETHASONE,DB01234,primary central nervous system lymphoma,TxGNN Knowledge Graph
1A 71/67,Dexamethasone,DEXAMETHASONE,DB01234,localized pagetoid reticulosis,TxGNN Knowledge Graph
1A 71/67,Dexamethasone,DEXAMETHASONE,DB01234,"primary cutaneous diffuse large B-cell lymphoma, Leg type",TxGNN Knowledge Graph
1A 71/67,Dexamethasone,DEXAMETHASONE,DB01234,ALK-positive large B-cell lymphoma,TxGNN Knowledge Graph
1A 71/67,Dexamethasone,DEXAMETHASONE,DB01234,keloid,TxGNN Knowledge Graph
1A 71/67,Dexamethasone,DEXAMETHASONE,DB01234,exanthem (disease),TxGNN Knowledge Graph
1A 71/67,Dexamethasone,DEXAMETHASONE,DB01234,"leukemia, lymphocytic, susceptibility to",TxGNN Knowledge Graph
1A 71/67,Dexamethasone,DEXAMETHASONE,DB01234,serum sickness,TxGNN Knowledge Graph
1A 71/67,Dexamethasone,DEXAMETHASONE,DB01234,inflammatory bowel disease,TxGNN Knowledge Graph
1A 71/67,Dexamethasone,DEXAMETHASONE,DB01234,plasmablastic lymphoma,TxGNN Knowledge Graph
1A 71/67,Dexamethasone,DEXAMETHASONE,DB01234,ankylosing spondylitis,TxGNN Knowledge Graph
1A 71/67,Dexamethasone,DEXAMETHASONE,DB01234,disease of orbital region,TxGNN Knowledge Graph
1A 71/67,Dexamethasone,DEXAMETHASONE,DB01234,granulomatous slack skin disease,TxGNN Knowledge Graph
1A 71/67,Dexamethasone,DEXAMETHASONE,DB01234,trichinosis,TxGNN Knowledge Graph
1A 71/67,Dexamethasone,DEXAMETHASONE,DB01234,psoriatic arthritis,TxGNN Knowledge Graph
1A 71/67,Dexamethasone,DEXAMETHASONE,DB01234,allergic asthma,TxGNN Knowledge Graph
1A 71/67,Dexamethasone,DEXAMETHASONE,DB01234,X-linked adrenal hypoplasia congenita,TxGNN Knowledge Graph
1A 71/67,Dexamethasone,DEXAMETHASONE,DB01234,inherited isolated adrenal insufficiency due to partial CYP11A1 deficiency,TxGNN Knowledge Graph
1A 71/67,Dexamethasone,DEXAMETHASONE,DB01234,lymphosarcoma,TxGNN Knowledge Graph
1A 71/67,Dexamethasone,DEXAMETHASONE,DB01234,non-Hodgkin lymphoma,TxGNN Knowledge Graph
1A 71/67,Dexamethasone,DEXAMETHASONE,DB01234,Diamond-Blackfan anemia,TxGNN Knowledge Graph
1A 71/67,Dexamethasone,DEXAMETHASONE,DB01234,infectious anterior uveitis,TxGNN Knowledge Graph
1A 71/67,Dexamethasone,DEXAMETHASONE,DB01234,primary cutaneous T-cell lymphoma,TxGNN Knowledge Graph
1A 71/67,Dexamethasone,DEXAMETHASONE,DB01234,retinal artery occlusion,TxGNN Knowledge Graph
1A 71/67,Dexamethasone,DEXAMETHASONE,DB01234,erythema multiforme,TxGNN Knowledge Graph
1A 71/67,Dexamethasone,DEXAMETHASONE,DB01234,iritis (disease),TxGNN Knowledge Graph
1A 71/67,Dexamethasone,DEXAMETHASONE,DB01234,familial nephrotic syndrome,TxGNN Knowledge Graph
1A 71/67,Dexamethasone,DEXAMETHASONE,DB01234,atopic conjunctivitis,TxGNN Knowledge Graph
1A 71/67,Dexamethasone,DEXAMETHASONE,DB01234,asthma,TxGNN Knowledge Graph
1A 71/67,Dexamethasone,DEXAMETHASONE,DB01234,uveitis,TxGNN Knowledge Graph
1A 71/67,Dexamethasone,DEXAMETHASONE,DB01234,"spondyloarthropathy, susceptibility to",TxGNN Knowledge Graph
1A 71/67,Dexamethasone,DEXAMETHASONE,DB01234,acute lymphoblastic leukemia (disease),TxGNN Knowledge Graph
1A 71/67,Dexamethasone,DEXAMETHASONE,DB01234,brain edema,TxGNN Knowledge Graph
1A 71/67,Dexamethasone,DEXAMETHASONE,DB01234,epicondylitis,TxGNN Knowledge Graph
1A 71/67,Dexamethasone,DEXAMETHASONE,DB01234,gout,TxGNN Knowledge Graph
1A 71/67,Dexamethasone,DEXAMETHASONE,DB01234,adrenocortical insufficiency,TxGNN Knowledge Graph
1A 71/67,Dexamethasone,DEXAMETHASONE,DB01234,eosinophilic pneumonia,TxGNN Knowledge Graph
1A 71/67,Dexamethasone,DEXAMETHASONE,DB01234,precursor T-cell acute lymphoblastic leukemia,TxGNN Knowledge Graph
1A 71/67,Dexamethasone,DEXAMETHASONE,DB01234,psoriasis,TxGNN Knowledge Graph
1A 71/67,Dexamethasone,DEXAMETHASONE,DB01234,keratoconjunctivitis,TxGNN Knowledge Graph
1A 71/67,Dexamethasone,DEXAMETHASONE,DB01234,non-histaminic angioedema,TxGNN Knowledge Graph
1A 71/67,Dexamethasone,DEXAMETHASONE,DB01234,Langerhans cell histiocytosis,TxGNN Knowledge Graph
1A 71/67,Dexamethasone,DEXAMETHASONE,DB01234,hereditary angioedema,TxGNN Knowledge Graph
1A 71/67,Dexamethasone,DEXAMETHASONE,DB01234,Stevens-Johnson syndrome,TxGNN Knowledge Graph
1A 71/67,Dexamethasone,DEXAMETHASONE,DB01234,papillary conjunctivitis,TxGNN Knowledge Graph
1A 71/67,Dexamethasone,DEXAMETHASONE,DB01234,vasomotor rhinitis,TxGNN Knowledge Graph
1A 71/67,Dexamethasone,DEXAMETHASONE,DB01234,chronic primary adrenal insufficiency,TxGNN Knowledge Graph
1A 71/67,Dexamethasone,DEXAMETHASONE,DB01234,occupational dermatitis,TxGNN Knowledge Graph
1A 71/67,Dexamethasone,DEXAMETHASONE,DB01234,tenosynovitis,TxGNN Knowledge Graph
1A 71/67,Dexamethasone,DEXAMETHASONE,DB01234,thyroiditis (disease),TxGNN Knowledge Graph
1A 71/67,Dexamethasone,DEXAMETHASONE,DB01234,Addison disease,TxGNN Knowledge Graph
1A 71/67,Dexamethasone,DEXAMETHASONE,DB01234,panuveitis (disease),TxGNN Knowledge Graph
1A 71/67,Dexamethasone,DEXAMETHASONE,DB01234,classic Hodgkin lymphoma,TxGNN Knowledge Graph
1A 71/67,Dexamethasone,DEXAMETHASONE,DB01234,lipoid nephrosis,TxGNN Knowledge Graph
1A 71/67,Dexamethasone,DEXAMETHASONE,DB01234,primary mediastinal large B-cell lymphoma,TxGNN Knowledge Graph
1A 71/67,Dexamethasone,DEXAMETHASONE,DB01234,rheumatoid arthritis,TxGNN Knowledge Graph
1A 71/67,Dexamethasone,DEXAMETHASONE,DB01234,diffuse large B-cell lymphoma,TxGNN Knowledge Graph
1A 71/67,Dexamethasone,DEXAMETHASONE,DB01234,allergic rhinitis,TxGNN Knowledge Graph
1A 72/67,Diazepam,DIAZEPAM,DB00829,Wernicke-Korsakoff syndrome,TxGNN Knowledge Graph
1A 72/67,Diazepam,DIAZEPAM,DB00829,epilepsy,TxGNN Knowledge Graph
1A 72/67,Diazepam,DIAZEPAM,DB00829,alcohol withdrawal delirium,TxGNN Knowledge Graph
1A 72/67,Diazepam,DIAZEPAM,DB00829,status epilepticus,TxGNN Knowledge Graph
1A 72/67,Diazepam,DIAZEPAM,DB00829,alcohol withdrawal,TxGNN Knowledge Graph
1A 72/67,Diazepam,DIAZEPAM,DB00829,tetanus,TxGNN Knowledge Graph
1A 73/67,Lorazepam,LORAZEPAM,DB00186,absence epilepsy,TxGNN Knowledge Graph
1A 73/67,Lorazepam,LORAZEPAM,DB00186,cutis verticis gyrata,TxGNN Knowledge Graph
1A 73/67,Lorazepam,LORAZEPAM,DB00186,Lennox-Gastaut syndrome,TxGNN Knowledge Graph
1A 73/67,Lorazepam,LORAZEPAM,DB00186,early myoclonic encephalopathy,TxGNN Knowledge Graph
1A 73/67,Lorazepam,LORAZEPAM,DB00186,visual epilepsy,TxGNN Knowledge Graph
1A 73/67,Lorazepam,LORAZEPAM,DB00186,status epilepticus,TxGNN Knowledge Graph
1A 75/67,Fluoxetine,FLUOXETINE,DB00472,bipolar disorder,TxGNN Knowledge Graph
1A 75/67,Fluoxetine,FLUOXETINE,DB00472,major depressive disorder,TxGNN Knowledge Graph
1A 75/67,Fluoxetine,FLUOXETINE,DB00472,endogenous depression,TxGNN Knowledge Graph
1A 75/67,Fluoxetine,FLUOXETINE,DB00472,dysthymic disorder,TxGNN Knowledge Graph
1A 75/67,Fluoxetine,FLUOXETINE,DB00472,neurotic disorder,TxGNN Knowledge Graph
1A 75/67,Fluoxetine,FLUOXETINE,DB00472,anxiety disorder,TxGNN Knowledge Graph
1A 75/67,Fluoxetine,FLUOXETINE,DB00472,bulimia nervosa,TxGNN Knowledge Graph
1A 76/67,Sertraline,SERTRALINE,DB01104,obsessive-compulsive disorder,TxGNN Knowledge Graph
1A 76/67,Sertraline,SERTRALINE,DB01104,dysthymic disorder,TxGNN Knowledge Graph
1A 76/67,Sertraline,SERTRALINE,DB01104,neurotic disorder,TxGNN Knowledge Graph
1A 76/67,Sertraline,SERTRALINE,DB01104,social phobia,TxGNN Knowledge Graph
1A 76/67,Sertraline,SERTRALINE,DB01104,phobic disorder,TxGNN Knowledge Graph
1A 76/67,Sertraline,SERTRALINE,DB01104,post-traumatic stress disorder,TxGNN Knowledge Graph
1A 77/67,Amitriptyline,AMITRIPTYLINE,DB00321,neurotic disorder,TxGNN Knowledge Graph
1A 77/67,Amitriptyline,AMITRIPTYLINE,DB00321,anxiety disorder,TxGNN Knowledge Graph
1A 77/67,Amitriptyline,AMITRIPTYLINE,DB00321,mixed anxiety and depressive disorder,TxGNN Knowledge Graph
1A 77/67,Amitriptyline,AMITRIPTYLINE,DB00321,dysthymic disorder,TxGNN Knowledge Graph
1A 78/67,Haloperidol,HALOPERIDOL,DB00502,psychotic disorder,TxGNN Knowledge Graph
1A 78/67,Haloperidol,HALOPERIDOL,DB00502,mental disorder,TxGNN Knowledge Graph
1A 78/67,Haloperidol,HALOPERIDOL,DB00502,schizophrenia,TxGNN Knowledge Graph
1A 78/67,Haloperidol,HALOPERIDOL,DB00502,Tourette syndrome,TxGNN Knowledge Graph
1A 78/67,Haloperidol,HALOPERIDOL,DB00502,schizophreniform disorder,TxGNN Knowledge Graph
1A 78/67,Haloperidol,HALOPERIDOL,DB00502,schizoaffective disorder,TxGNN Knowledge Graph
1A 79/67,Risperidone,RISPERIDONE,DB00734,bipolar disorder,TxGNN Knowledge Graph
1A 79/67,Risperidone,RISPERIDONE,DB00734,autism susceptibility 1,TxGNN Knowledge Graph
1A 79/67,Risperidone,RISPERIDONE,DB00734,manic bipolar affective disorder,TxGNN Knowledge Graph
1A 79/67,Risperidone,RISPERIDONE,DB00734,autism (disease),TxGNN Knowledge Graph
1A 79/67,Risperidone,RISPERIDONE,DB00734,autism spectrum disorder,TxGNN Knowledge Graph
1A 80/67,Olanzapine,OLANZAPINE,DB00334,bipolar disorder,TxGNN Knowledge Graph
1A 80/67,Olanzapine,OLANZAPINE,DB00334,major depressive disorder,TxGNN Knowledge Graph
1A 80/67,Olanzapine,OLANZAPINE,DB00334,endogenous depression,TxGNN Knowledge Graph
1A 80/67,Olanzapine,OLANZAPINE,DB00334,manic bipolar affective disorder,TxGNN Knowledge Graph
1A 80/67,Olanzapine,OLANZAPINE,DB00334,unipolar depression,TxGNN Knowledge Graph
1A 80/67,Olanzapine,OLANZAPINE,DB00334,anxiety disorder,TxGNN Knowledge Graph
1A 81/67,Carbamazepine,CARBAMAZEPINE,DB00564,bipolar disorder,TxGNN Knowledge Graph
1A 81/67,Carbamazepine,CARBAMAZEPINE,DB00564,cutis verticis gyrata,TxGNN Knowledge Graph
1A 81/67,Carbamazepine,CARBAMAZEPINE,DB00564,manic bipolar affective disorder,TxGNN Knowledge Graph
1A 81/67,Carbamazepine,CARBAMAZEPINE,DB00564,Lennox-Gastaut syndrome,TxGNN Knowledge Graph
1A 81/67,Carbamazepine,CARBAMAZEPINE,DB00564,glossopharyngeal motor neuropathy,TxGNN Knowledge Graph
1A 82/67,Phenytoin,PHENYTOIN,DB00252,cutis verticis gyrata,TxGNN Knowledge Graph
1A 82/67,Phenytoin,PHENYTOIN,DB00252,Lennox-Gastaut syndrome,TxGNN Knowledge Graph
1A 82/67,Phenytoin,PHENYTOIN,DB00252,status epilepticus,TxGNN Knowledge Graph
1A 83/67,Valproicacid,VALPROIC ACID,DB00313,manic bipolar affective disorder,TxGNN Knowledge Graph
1A 84/67,Gabapentin,GABAPENTIN,DB00996,restless legs syndrome,TxGNN Knowledge Graph
1A 86/67,Levothyroxine,LEVOTHYROXINE,DB00451,hyperlipidemia,TxGNN Knowledge Graph
1A 86/67,Levothyroxine,LEVOTHYROXINE,DB00451,medullary thyroid gland carcinoma,TxGNN Knowledge Graph
1A 86/67,Levothyroxine,LEVOTHYROXINE,DB00451,thyroid gland disease,TxGNN Knowledge Graph
1A 86/67,Levothyroxine,LEVOTHYROXINE,DB00451,familial thyroid carcinoma,TxGNN Knowledge Graph
1A 86/67,Levothyroxine,LEVOTHYROXINE,DB00451,differentiated thyroid carcinoma,TxGNN Knowledge Graph
1A 86/67,Levothyroxine,LEVOTHYROXINE,DB00451,hypothyroidism,TxGNN Knowledge Graph
1A 86/67,Levothyroxine,LEVOTHYROXINE,DB00451,familial hyperlipidemia,TxGNN Knowledge Graph
1A 86/67,Levothyroxine,LEVOTHYROXINE,DB00451,familial papillary or follicular thyroid carcinoma,TxGNN Knowledge Graph
1A 86/67,Levothyroxine,LEVOTHYROXINE,DB00451,congenital hypothyroidism,TxGNN Knowledge Graph
1A 86/67,Levothyroxine,LEVOTHYROXINE,DB00451,thyroid cancer,TxGNN Knowledge Graph
1A 86/67,Levothyroxine,LEVOTHYROXINE,DB00451,familial papillary thyroid carcinoma with renal papillary neoplasia,TxGNN Knowledge Graph
1A 86/67,Levothyroxine,LEVOTHYROXINE,DB00451,thyroid gland undifferentiated (anaplastic) carcinoma,TxGNN Knowledge Graph
1A 86/67,Levothyroxine,LEVOTHYROXINE,DB00451,Hashimoto thyroiditis,TxGNN Knowledge Graph
1A 86/67,Levothyroxine,LEVOTHYROXINE,DB00451,goiter (disease),TxGNN Knowledge Graph
1A 86/67,Levothyroxine,LEVOTHYROXINE,DB00451,myxedema,TxGNN Knowledge Graph
1A 87/67,Propylthiouracil,PROPYLTHIOURACIL,DB00550,thyroid crisis (disease),TxGNN Knowledge Graph
1A 87/67,Propylthiouracil,PROPYLTHIOURACIL,DB00550,Graves disease,TxGNN Knowledge Graph
1A 87/67,Propylthiouracil,PROPYLTHIOURACIL,DB00550,thyrotoxicosis,TxGNN Knowledge Graph
1A 88/67,Allopurinol,ALLOPURINOL,DB00437,obsolete hyperuricemia (disease),TxGNN Knowledge Graph
1A 88/67,Allopurinol,ALLOPURINOL,DB00437,acute urate nephropathy,TxGNN Knowledge Graph
1A 88/67,Allopurinol,ALLOPURINOL,DB00437,gout,TxGNN Knowledge Graph
1A 89/67,Colchicine,COLCHICINE,DB01394,autosomal recessive familial Mediterranean fever,TxGNN Knowledge Graph
1A 89/67,Colchicine,COLCHICINE,DB01394,familial Mediterranean fever,TxGNN Knowledge Graph
1A 89/67,Colchicine,COLCHICINE,DB01394,gout,TxGNN Knowledge Graph
1A 90/67,Fluconazole,FLUCONAZOLE,DB00196,vulvovaginal candidiasis,TxGNN Knowledge Graph
1A 90/67,Fluconazole,FLUCONAZOLE,DB00196,candidiasis,TxGNN Knowledge Graph
1A 90/67,Fluconazole,FLUCONAZOLE,DB00196,oral candidiasis,TxGNN Knowledge Graph
1A 90/67,Fluconazole,FLUCONAZOLE,DB00196,disseminated candidiasis,TxGNN Knowledge Graph
1A 90/67,Fluconazole,FLUCONAZOLE,DB00196,esophageal candidiasis,TxGNN Knowledge Graph
1A 90/67,Fluconazole,FLUCONAZOLE,DB00196,Cryptococcal meningitis,TxGNN Knowledge Graph
1A 90/67,Fluconazole,FLUCONAZOLE,DB00196,candidemia,TxGNN Knowledge Graph
1A 91/67,Itraconazole,ITRACONAZOLE,DB01167,black piedra,TxGNN Knowledge Graph
1A 91/67,Itraconazole,ITRACONAZOLE,DB01167,coccidioidomycosis,TxGNN Knowledge Graph
1A 91/67,Itraconazole,ITRACONAZOLE,DB01167,fusariosis,TxGNN Knowledge Graph
1A 91/67,Itraconazole,ITRACONAZOLE,DB01167,sporotrichosis,TxGNN Knowledge Graph
1A 91/67,Itraconazole,ITRACONAZOLE,DB01167,white piedra,TxGNN Knowledge Graph
1A 91/67,Itraconazole,ITRACONAZOLE,DB01167,histoplasmosis,TxGNN Knowledge Graph
1A 91/67,Itraconazole,ITRACONAZOLE,DB01167,disseminated candidiasis,TxGNN Knowledge Graph
1A 91/67,Itraconazole,ITRACONAZOLE,DB01167,esophageal candidiasis,TxGNN Knowledge Graph
1A 91/67,Itraconazole,ITRACONAZOLE,DB01167,blastomycosis,TxGNN Knowledge Graph
1A 91/67,Itraconazole,ITRACONAZOLE,DB01167,candidemia,TxGNN Knowledge Graph
1A 91/67,Itraconazole,ITRACONAZOLE,DB01167,aspergillosis,TxGNN Knowledge Graph
1A 92/67,Clotrimazole,CLOTRIMAZOLE,DB00257,cutaneous candidiasis,TxGNN Knowledge Graph
1A 92/67,Clotrimazole,CLOTRIMAZOLE,DB00257,pityriasis versicolor,TxGNN Knowledge Graph
1A 92/67,Clotrimazole,CLOTRIMAZOLE,DB00257,tinea corporis,TxGNN Knowledge Graph
1A 92/67,Clotrimazole,CLOTRIMAZOLE,DB00257,tinea infection,TxGNN Knowledge Graph
1A 92/67,Clotrimazole,CLOTRIMAZOLE,DB00257,vulvovaginal candidiasis,TxGNN Knowledge Graph
1A 92/67,Clotrimazole,CLOTRIMAZOLE,DB00257,candidiasis,TxGNN Knowledge Graph
1A 92/67,Clotrimazole,CLOTRIMAZOLE,DB00257,tinea pedis,TxGNN Knowledge Graph
1A 92/67,Clotrimazole,CLOTRIMAZOLE,DB00257,oral candidiasis,TxGNN Knowledge Graph
1A 92/67,Clotrimazole,CLOTRIMAZOLE,DB00257,dermatophytosis of groin and perianal area,TxGNN Knowledge Graph
1A 93/67,Acyclovir,ACYCLOVIR,DB00787,herpes simplex encephalitis,TxGNN Knowledge Graph
1A 93/67,Acyclovir,ACYCLOVIR,DB00787,genital herpes,TxGNN Knowledge Graph
1A 93/67,Acyclovir,ACYCLOVIR,DB00787,herpes labialis,TxGNN Knowledge Graph
1A 93/67,Acyclovir,ACYCLOVIR,DB00787,herpes simplex infectious disease,TxGNN Knowledge Graph
1A 93/67,Acyclovir,ACYCLOVIR,DB00787,chickenpox,TxGNN Knowledge Graph
1A 95/67,Folicacid,FOLIC ACID,DB00158,microcytic anemia,TxGNN Knowledge Graph
1A 95/67,Folicacid,FOLIC ACID,DB00158,hypochromic anemia,TxGNN Knowledge Graph
1A 95/67,Folicacid,FOLIC ACID,DB00158,folic acid deficiency anemia,TxGNN Knowledge Graph
1A 95/67,Folicacid,FOLIC ACID,DB00158,deficiency anemia,TxGNN Knowledge Graph
1A 95/67,Folicacid,FOLIC ACID,DB00158,iron deficiency anemia,TxGNN Knowledge Graph
1A 95/67,Folicacid,FOLIC ACID,DB00158,vitamin deficiency disorder,TxGNN Knowledge Graph
1A 97/67,Calciumcarbonate,CALCIUM CARBONATE,DB06724,phosphorus metabolism disease,TxGNN Knowledge Graph
1A 97/67,Calciumcarbonate,CALCIUM CARBONATE,DB06724,nephrocalcinosis,TxGNN Knowledge Graph
1A 97/67,Calciumcarbonate,CALCIUM CARBONATE,DB06724,dyspepsia,TxGNN Knowledge Graph
1A 97/67,Calciumcarbonate,CALCIUM CARBONATE,DB06724,hypercalcemia disease,TxGNN Knowledge Graph
1A 99/67,Timolol,TIMOLOL,DB00373,ocular hypertension,TxGNN Knowledge Graph
1A 99/67,Timolol,TIMOLOL,DB00373,hypertensive disorder,TxGNN Knowledge Graph
1A 99/67,Timolol,TIMOLOL,DB00373,hypertension,TxGNN Knowledge Graph
1A 100/67,Latanoprost,LATANOPROST,DB00654,ocular hypertension,TxGNN Knowledge Graph
1A 101/67,Brimonidine,BRIMONIDINE,DB00484,ocular hypertension,TxGNN Knowledge Graph
1A 101/67,Brimonidine,BRIMONIDINE,DB00484,rosacea,TxGNN Knowledge Graph
1A 102/67,Tenofovir,TENOFOVIR,DB14126,HIV infectious disease,TxGNN Knowledge Graph
1A 102/67,Tenofovir,TENOFOVIR,DB14126,AIDS,TxGNN Knowledge Graph
1A 103/67,Lamivudine,LAMIVUDINE,DB00709,HIV infectious disease,TxGNN Knowledge Graph
1A 103/67,Lamivudine,LAMIVUDINE,DB00709,AIDS,TxGNN Knowledge Graph
1A 104/67,Efavirenz,EFAVIRENZ,DB00625,HIV infectious disease,TxGNN Knowledge Graph
1A 104/67,Efavirenz,EFAVIRENZ,DB00625,AIDS,TxGNN Knowledge Graph
1A 105/67,Terbinafine,TERBINAFINE,DB00857,pityriasis versicolor,TxGNN Knowledge Graph
1A 105/67,Terbinafine,TERBINAFINE,DB00857,tinea corporis,TxGNN Knowledge Graph
1A 105/67,Terbinafine,TERBINAFINE,DB00857,tinea infection,TxGNN Knowledge Graph
1A 105/67,Terbinafine,TERBINAFINE,DB00857,tinea pedis,TxGNN Knowledge Graph
1A 105/67,Terbinafine,TERBINAFINE,DB00857,dermatophytosis of groin and perianal area,TxGNN Knowledge Graph
1A 105/67,Terbinafine,TERBINAFINE,DB00857,tinea unguium,TxGNN Knowledge Graph
1A 106/67,Nystatin,NYSTATIN,DB00646,oral candidiasis,TxGNN Knowledge Graph
1A 106/67,Nystatin,NYSTATIN,DB00646,cutaneous candidiasis,TxGNN Knowledge Graph
1A 106/67,Nystatin,NYSTATIN,DB00646,vulvovaginal candidiasis,TxGNN Knowledge Graph
1A 106/67,Nystatin,NYSTATIN,DB00646,candidiasis,TxGNN Knowledge Graph
1A 107/67,Chloroquine,CHLOROQUINE,DB00608,systemic lupus erythematosus (disease),TxGNN Knowledge Graph
1A 107/67,Chloroquine,CHLOROQUINE,DB00608,pediatric systemic lupus erythematosus,TxGNN Knowledge Graph
1A 107/67,Chloroquine,CHLOROQUINE,DB00608,chronic cutaneous lupus erythematosus,TxGNN Knowledge Graph
1A 107/67,Chloroquine,CHLOROQUINE,DB00608,lupus erythematosus,TxGNN Knowledge Graph
1A 107/67,Chloroquine,CHLOROQUINE,DB00608,discoid lupus erythematosus,TxGNN Knowledge Graph
1A 107/67,Chloroquine,CHLOROQUINE,DB00608,rheumatoid arthritis,TxGNN Knowledge Graph
1A 110/67,Albendazole,ALBENDAZOLE,DB00518,cysticercosis,TxGNN Knowledge Graph
1A 110/67,Albendazole,ALBENDAZOLE,DB00518,echinococcus granulosus infectious disease,TxGNN Knowledge Graph
1A 110/67,Albendazole,ALBENDAZOLE,DB00518,cystic echinococcosis,TxGNN Knowledge Graph
1A 111/67,Mebendazole,MEBENDAZOLE,DB00643,enterobiasis,TxGNN Knowledge Graph
1A 111/67,Mebendazole,MEBENDAZOLE,DB00643,ascaridiasis,TxGNN Knowledge Graph
1A 111/67,Mebendazole,MEBENDAZOLE,DB00643,trichuriasis,TxGNN Knowledge Graph
1A 112/67,Praziquantel,PRAZIQUANTEL,DB01058,enterobiasis,TxGNN Knowledge Graph
1A 112/67,Praziquantel,PRAZIQUANTEL,DB01058,schistosomiasis,TxGNN Knowledge Graph
1A 112/67,Praziquantel,PRAZIQUANTEL,DB01058,opisthorchiasis,TxGNN Knowledge Graph
1A 112/67,Praziquantel,PRAZIQUANTEL,DB01058,trichinosis,TxGNN Knowledge Graph
1A 113/67,Ivermectin,IVERMECTIN,DB00602,strongyloidiasis,TxGNN Knowledge Graph
1A 113/67,Ivermectin,IVERMECTIN,DB00602,onchocerciasis,TxGNN Knowledge Graph
1A 117/67,Pyrazinamide,PYRAZINAMIDE,DB00339,tuberculous meningitis,TxGNN Knowledge Graph
1A 118/67,Cyclosporine,CYCLOSPORINE,DB00091,rheumatoid arthritis,TxGNN Knowledge Graph
1A 118/67,Cyclosporine,CYCLOSPORINE,DB00091,xerophthalmia,TxGNN Knowledge Graph
1A 118/67,Cyclosporine,CYCLOSPORINE,DB00091,dry eye syndrome,TxGNN Knowledge Graph
1A 118/67,Cyclosporine,CYCLOSPORINE,DB00091,Sjogren syndrome,TxGNN Knowledge Graph
1A 119/67,Tacrolimus,TACROLIMUS,DB00864,"dermatitis, atopic",TxGNN Knowledge Graph
1A 119/67,Tacrolimus,TACROLIMUS,DB00864,atopic eczema,TxGNN Knowledge Graph
1A 120/67,Azathioprine,AZATHIOPRINE,DB00993,rheumatoid arthritis,TxGNN Knowledge Graph
1A 122/67,Enoxaparin,ENOXAPARIN,DB01225,pulmonary embolism (disease),TxGNN Knowledge Graph
1A 122/67,Enoxaparin,ENOXAPARIN,DB01225,purpura fulminans,TxGNN Knowledge Graph
1A 122/67,Enoxaparin,ENOXAPARIN,DB01225,acquired purpura fulminans,TxGNN Knowledge Graph
1A 122/67,Enoxaparin,ENOXAPARIN,DB01225,disseminated intravascular coagulation,TxGNN Knowledge Graph
1A 125/67,Testosterone,TESTOSTERONE,DB00624,pituitary deficiency due to Rathke's pouch cysts,TxGNN Knowledge Graph
1A 125/67,Testosterone,TESTOSTERONE,DB00624,non-acquired combined pituitary hormone deficiency,TxGNN Knowledge Graph
1A 125/67,Testosterone,TESTOSTERONE,DB00624,hypogonadotropic hypogonadism with or without anosmia,TxGNN Knowledge Graph
1A 125/67,Testosterone,TESTOSTERONE,DB00624,trisomy 13,TxGNN Knowledge Graph
1A 125/67,Testosterone,TESTOSTERONE,DB00624,hypopituitarism,TxGNN Knowledge Graph
1A 125/67,Testosterone,TESTOSTERONE,DB00624,pituitary hormone defiency from vascular origin,TxGNN Knowledge Graph
1A 125/67,Testosterone,TESTOSTERONE,DB00624,hypogonadism,TxGNN Knowledge Graph
1A 125/67,Testosterone,TESTOSTERONE,DB00624,"combined pituitary hormone deficiencies, genetic form",TxGNN Knowledge Graph
1A 125/67,Testosterone,TESTOSTERONE,DB00624,premature menopause,TxGNN Knowledge Graph
1A 125/67,Testosterone,TESTOSTERONE,DB00624,"hypogonadism, male",TxGNN Knowledge Graph
1A 125/67,Testosterone,TESTOSTERONE,DB00624,Kallmann syndrome,TxGNN Knowledge Graph
1A 125/67,Testosterone,TESTOSTERONE,DB00624,hypogonadotropic hypogonadism,TxGNN Knowledge Graph
1A 125/67,Testosterone,TESTOSTERONE,DB00624,androgen insensitivity syndrome,TxGNN Knowledge Graph
1A 125/67,Testosterone,TESTOSTERONE,DB00624,non-acquired combined pituitary hormone deficiencies without extra-pituitary malformations,TxGNN Knowledge Graph
1A 125/67,Testosterone,TESTOSTERONE,DB00624,X-linked intellectual disability with isolated growth hormone deficiency,TxGNN Knowledge Graph
1A 125/67,Testosterone,TESTOSTERONE,DB00624,Klinefelter syndrome,TxGNN Knowledge Graph
1A 125/67,Testosterone,TESTOSTERONE,DB00624,cryptorchidism (disease),TxGNN Knowledge Graph
1A 125/67,Testosterone,TESTOSTERONE,DB00624,congenital hypogonadotropic hypogonadism,TxGNN Knowledge Graph
1A 125/67,Testosterone,TESTOSTERONE,DB00624,pituitary deficiency,TxGNN Knowledge Graph
1A 125/67,Testosterone,TESTOSTERONE,DB00624,acquired pituitary hormone deficiency,TxGNN Knowledge Graph
1A 125/67,Testosterone,TESTOSTERONE,DB00624,non-acquired pituitary hormone deficiency,TxGNN Knowledge Graph
1A 125/67,Testosterone,TESTOSTERONE,DB00624,thymus gland disease,TxGNN Knowledge Graph
1A 125/67,Testosterone,TESTOSTERONE,DB00624,isolated congenital growth hormone deficiency,TxGNN Knowledge Graph
1A 125/67,Testosterone,TESTOSTERONE,DB00624,Sheehan syndrome,TxGNN Knowledge Graph
1A 125/67,Testosterone,TESTOSTERONE,DB00624,hypogonadotropic hypogonadism-frontoparietal alopecia syndrome,TxGNN Knowledge Graph
1A 125/67,Testosterone,TESTOSTERONE,DB00624,pituitary deficiency due to empty sella turcica syndrome,TxGNN Knowledge Graph
1A 125/67,Testosterone,TESTOSTERONE,DB00624,isolated growth hormone deficiency,TxGNN Knowledge Graph
1A 125/67,Testosterone,TESTOSTERONE,DB00624,short stature due to growth hormone qualitative anomaly,TxGNN Knowledge Graph
1A 125/67,Testosterone,TESTOSTERONE,DB00624,short stature due to isolated growth hormone deficiency with X-linked hypogammaglobulinemia,TxGNN Knowledge Graph
1A 125/67,Testosterone,TESTOSTERONE,DB00624,eunuchism,TxGNN Knowledge Graph
1A 126/67,Estradiol,ESTRADIOL,DB00783,postmenopausal osteoporosis,TxGNN Knowledge Graph
1A 126/67,Estradiol,ESTRADIOL,DB00783,postmenopausal atrophic vaginitis,TxGNN Knowledge Graph
1A 126/67,Estradiol,ESTRADIOL,DB00783,acne (disease),TxGNN Knowledge Graph
1A 126/67,Estradiol,ESTRADIOL,DB00783,osteoporosis,TxGNN Knowledge Graph
1A 126/67,Estradiol,ESTRADIOL,DB00783,primary ovarian failure,TxGNN Knowledge Graph
1A 126/67,Estradiol,ESTRADIOL,DB00783,obsolete atrophic vulva,TxGNN Knowledge Graph
1A 127/67,Progesterone,PROGESTERONE,DB00396,endometrial cancer,TxGNN Knowledge Graph
1A 127/67,Progesterone,PROGESTERONE,DB00396,endometriosis of uterus,TxGNN Knowledge Graph
1A 127/67,Progesterone,PROGESTERONE,DB00396,endometrium neoplasm,TxGNN Knowledge Graph
1A 127/67,Progesterone,PROGESTERONE,DB00396,postmenopausal osteoporosis,TxGNN Knowledge Graph
1A 127/67,Progesterone,PROGESTERONE,DB00396,postmenopausal atrophic vaginitis,TxGNN Knowledge Graph
1A 127/67,Progesterone,PROGESTERONE,DB00396,endometriosis (disease),TxGNN Knowledge Graph
1A 127/67,Progesterone,PROGESTERONE,DB00396,endometrial carcinoma (disease),TxGNN Knowledge Graph
1A 127/67,Progesterone,PROGESTERONE,DB00396,osteoporosis,TxGNN Knowledge Graph
1A 127/67,Progesterone,PROGESTERONE,DB00396,uterine corpus cancer,TxGNN Knowledge Graph
1A 128/67,Cabergoline,CABERGOLINE,DB00248,prolactin producing pituitary gland tumor,TxGNN Knowledge Graph
1A 128/67,Cabergoline,CABERGOLINE,DB00248,familial hyperprolactinemia,TxGNN Knowledge Graph
1A 128/67,Cabergoline,CABERGOLINE,DB00248,acquired hyperprolactinemia,TxGNN Knowledge Graph
1A 128/67,Cabergoline,CABERGOLINE,DB00248,hyperprolactinemia (disease),TxGNN Knowledge Graph
1A 129/67,Lactulose,LACTULOSE,DB00581,hepatic encephalopathy,TxGNN Knowledge Graph
1A 129/67,Lactulose,LACTULOSE,DB00581,hepatic coma,TxGNN Knowledge Graph
1A 130/67,Sucralfate,SUCRALFATE,DB00364,duodenal ulcer (disease),TxGNN Knowledge Graph
1A 133/67,Sildenafil,SILDENAFIL,DB00203,pulmonary arterial hypertension,TxGNN Knowledge Graph
1A 133/67,Sildenafil,SILDENAFIL,DB00203,psychologic dyspareunia,TxGNN Knowledge Graph
1A 133/67,Sildenafil,SILDENAFIL,DB00203,premature ejaculation (disease),TxGNN Knowledge Graph
1A 133/67,Sildenafil,SILDENAFIL,DB00203,erectile dysfunction (disease),TxGNN Knowledge Graph
1A 134/67,Tadalafil,TADALAFIL,DB00820,psychologic dyspareunia,TxGNN Knowledge Graph
1A 134/67,Tadalafil,TADALAFIL,DB00820,premature ejaculation (disease),TxGNN Knowledge Graph
1A 134/67,Tadalafil,TADALAFIL,DB00820,erectile dysfunction (disease),TxGNN Knowledge Graph
1A 134/67,Tadalafil,TADALAFIL,DB00820,pulmonary hypertension,TxGNN Knowledge Graph
1A 135/67,Tretinoin,TRETINOIN,DB00755,acute promyelocytic leukemia,TxGNN Knowledge Graph
1A 135/67,Tretinoin,TRETINOIN,DB00755,palmoplantar keratoderma,TxGNN Knowledge Graph
1A 135/67,Tretinoin,TRETINOIN,DB00755,acne (disease),TxGNN Knowledge Graph
1A 135/67,Tretinoin,TRETINOIN,DB00755,acquired keratosis,TxGNN Knowledge Graph
1A 136/67,Isotretinoin,ISOTRETINOIN,DB00982,hypertensive disorder,TxGNN Knowledge Graph
1A 136/67,Isotretinoin,ISOTRETINOIN,DB00982,hypertension,TxGNN Knowledge Graph
1A 138/67,Lidocaine,LIDOCAINE,DB00281,Pediculus humanus capitis infestation,TxGNN Knowledge Graph
1A 138/67,Lidocaine,LIDOCAINE,DB00281,Norwegian scabies,TxGNN Knowledge Graph
1A 138/67,Lidocaine,LIDOCAINE,DB00281,dermatitis,TxGNN Knowledge Graph
1A 138/67,Lidocaine,LIDOCAINE,DB00281,Pthirus pubis infestation,TxGNN Knowledge Graph
1A 138/67,Lidocaine,LIDOCAINE,DB00281,urethritis (disease),TxGNN Knowledge Graph
1A 138/67,Lidocaine,LIDOCAINE,DB00281,psychologic dyspareunia,TxGNN Knowledge Graph
1A 138/67,Lidocaine,LIDOCAINE,DB00281,scabies,TxGNN Knowledge Graph
1A 138/67,Lidocaine,LIDOCAINE,DB00281,neuralgia,TxGNN Knowledge Graph
1A 138/67,Lidocaine,LIDOCAINE,DB00281,mite infestation,TxGNN Knowledge Graph
1A 138/67,Lidocaine,LIDOCAINE,DB00281,hemorrhoid,TxGNN Knowledge Graph
1A 138/67,Lidocaine,LIDOCAINE,DB00281,postherpetic neuralgia,TxGNN Knowledge Graph
1A 138/67,Lidocaine,LIDOCAINE,DB00281,premature ejaculation (disease),TxGNN Knowledge Graph
1A 139/67,Bupivacaine,BUPIVACAINE,DB00297,dermatitis,TxGNN Knowledge Graph
1A 144/67,Orphenadrine,ORPHENADRINE,DB01173,parkinsonian disorder,TxGNN Knowledge Graph
1A 144/67,Orphenadrine,ORPHENADRINE,DB01173,Parkinson disease,TxGNN Knowledge Graph
1A 146/67,Aripiprazole,ARIPIPRAZOLE,DB01238,bipolar disorder,TxGNN Knowledge Graph
1A 146/67,Aripiprazole,ARIPIPRAZOLE,DB01238,schizophrenia,TxGNN Knowledge Graph
1A 146/67,Aripiprazole,ARIPIPRAZOLE,DB01238,autism susceptibility 1,TxGNN Knowledge Graph
1A 146/67,Aripiprazole,ARIPIPRAZOLE,DB01238,manic bipolar affective disorder,TxGNN Knowledge Graph
1A 146/67,Aripiprazole,ARIPIPRAZOLE,DB01238,autism (disease),TxGNN Knowledge Graph
1A 146/67,Aripiprazole,ARIPIPRAZOLE,DB01238,autism spectrum disorder,TxGNN Knowledge Graph
1A 147/67,Paliperidone,PALIPERIDONE,DB01267,psychotic disorder,TxGNN Knowledge Graph
1A 147/67,Paliperidone,PALIPERIDONE,DB01267,mental disorder,TxGNN Knowledge Graph
1A 147/67,Paliperidone,PALIPERIDONE,DB01267,schizophrenia,TxGNN Knowledge Graph
1A 147/67,Paliperidone,PALIPERIDONE,DB01267,schizophreniform disorder,TxGNN Knowledge Graph
1A 147/67,Paliperidone,PALIPERIDONE,DB01267,schizoaffective disorder,TxGNN Knowledge Graph
1A 148/67,Venlafaxine,VENLAFAXINE,DB00285,major depressive disorder,TxGNN Knowledge Graph
1A 148/67,Venlafaxine,VENLAFAXINE,DB00285,endogenous depression,TxGNN Knowledge Graph
1A 148/67,Venlafaxine,VENLAFAXINE,DB00285,social phobia,TxGNN Knowledge Graph
1A 148/67,Venlafaxine,VENLAFAXINE,DB00285,phobic disorder,TxGNN Knowledge Graph
1A 149/67,Duloxetine,DULOXETINE,DB00476,female stress incontinence,TxGNN Knowledge Graph
1A 149/67,Duloxetine,DULOXETINE,DB00476,major depressive disorder,TxGNN Knowledge Graph
1A 149/67,Duloxetine,DULOXETINE,DB00476,endogenous depression,TxGNN Knowledge Graph
1A 149/67,Duloxetine,DULOXETINE,DB00476,myofascial pain syndrome,TxGNN Knowledge Graph
1A 149/67,Duloxetine,DULOXETINE,DB00476,fibromyalgia,TxGNN Knowledge Graph
1A 149/67,Duloxetine,DULOXETINE,DB00476,anxiety disorder,TxGNN Knowledge Graph
1A 150/67,Mirtazapine,MIRTAZAPINE,DB00370,anxiety disorder,TxGNN Knowledge Graph
1A 150/67,Mirtazapine,MIRTAZAPINE,DB00370,major depressive disorder,TxGNN Knowledge Graph
1A 150/67,Mirtazapine,MIRTAZAPINE,DB00370,endogenous depression,TxGNN Knowledge Graph
1A 151/67,Bupropion,BUPROPION,DB01156,nicotine dependence,TxGNN Knowledge Graph
1A 151/67,Bupropion,BUPROPION,DB01156,obesity disorder,TxGNN Knowledge Graph
1A 151/67,Bupropion,BUPROPION,DB01156,major depressive disorder,TxGNN Knowledge Graph
1A 151/67,Bupropion,BUPROPION,DB01156,endogenous depression,TxGNN Knowledge Graph
1A 151/67,Bupropion,BUPROPION,DB01156,dysthymic disorder,TxGNN Knowledge Graph
1A 151/67,Bupropion,BUPROPION,DB01156,major affective disorder,TxGNN Knowledge Graph
1A 151/67,Bupropion,BUPROPION,DB01156,neurotic disorder,TxGNN Knowledge Graph
1A 151/67,Bupropion,BUPROPION,DB01156,anxiety disorder,TxGNN Knowledge Graph
1A 151/67,Bupropion,BUPROPION,DB01156,monogenic obesity,TxGNN Knowledge Graph
1A 153/67,Filgrastim,FILGRASTIM,DB00099,cyclic hematopoiesis,TxGNN Knowledge Graph
1A 153/67,Filgrastim,FILGRASTIM,DB00099,severe congenital neutropenia,TxGNN Knowledge Graph
1A 153/67,Filgrastim,FILGRASTIM,DB00099,"neutropenia, chronic familial",TxGNN Knowledge Graph
1A 153/67,Filgrastim,FILGRASTIM,DB00099,constitutional neutropenia,TxGNN Knowledge Graph
1A 154/67,Potassium chloride,POTASSIUM CHLORIDE,DB00761,constipation disorder,TxGNN Knowledge Graph
1A 154/67,Potassium chloride,POTASSIUM CHLORIDE,DB00761,potassium deficiency disease,TxGNN Knowledge Graph
1A 155/67,Magnesium sulfate,MAGNESIUM SULFATE,DB00653,constipation disorder,TxGNN Knowledge Graph
1A 155/67,Magnesium sulfate,MAGNESIUM SULFATE,DB00653,mild pre-eclampsia,TxGNN Knowledge Graph
1A 155/67,Magnesium sulfate,MAGNESIUM SULFATE,DB00653,preeclampsia,TxGNN Knowledge Graph
1A 155/67,Magnesium sulfate,MAGNESIUM SULFATE,DB00653,severe pre-eclampsia,TxGNN Knowledge Graph
